SC_CLIM_DIV,START_DATE,END_DATE,MONTH,YEAR,    PCP,   TAVG,   TMIN,   TMAX,   PDSI,   PHDI,   ZNDX,   PMDI,   SP01,   SP02,   SP03,   SP06,   SP09,   SP12,   SP24
4,1/1/1990,1/31/1990,1,1990,2.36,51.2,38.6,63.8,-0.44,1.74,-1.32,1.1,-0.49,0.21,0.11,0.49,0.46,0.75,-0.64
4,2/1/1990,2/28/1990,2,1990,2.56,54.8,42.4,67.2,-0.9,1.05,-1.53,-0.27,-0.61,-0.84,-0.18,0.41,0.36,0.77,-0.53
4,3/1/1990,3/31/1990,3,1990,3.03,58.1,45.9,70.3,-1.25,-1.25,-1.34,-1.25,-0.33,-0.69,-0.88,-0.13,0.13,0.48,-0.43
4,4/1/1990,4/30/1990,4,1990,1.53,62.1,48.2,75.9,-1.64,-1.64,-1.55,-1.64,-1.08,-1.03,-1.18,-0.68,-0.1,-0.1,-0.61
4,5/1/1990,5/31/1990,5,1990,3.87,70.8,58.3,83.3,-1.41,-1.41,0.19,-1.24,0.29,-0.51,-0.71,-0.59,0,0.01,-0.55
4,6/1/1990,6/30/1990,6,1990,1.1,77.6,65,90.2,-2.4,-2.4,-3.39,-2.4,-2.55,-1.65,-2.16,-1.93,-1.07,-0.66,-0.66
4,7/1/1990,7/31/1990,7,1990,3.56,81.7,70.3,93.2,-3.24,-3.24,-3.27,-3.24,-1.32,-2.88,-1.86,-2.25,-1.8,-1.01,-0.77
4,8/1/1990,8/31/1990,8,1990,7.94,79.8,69.6,90,-2.5,-2.5,1.21,-1.96,1.14,0.1,-1.12,-1.42,-1.22,-0.55,-0.54
4,9/1/1990,9/30/1990,9,1990,1.85,73.6,61.6,85.8,-3.04,-3.04,-2.39,-3.04,-1.32,0.02,-0.67,-1.71,-1.88,-1.3,-1.02
4,10/1/1990,10/31/1990,10,1990,10.39,66.4,54.6,78.1,1.9,-0.83,5.71,1.56,2.2,1.26,1.58,0.33,-0.29,-0.19,-0.02
4,11/1/1990,11/30/1990,11,1990,2.05,56.2,42.2,70.3,1.61,-0.83,-0.28,1.3,-0.14,1.92,1.05,0.16,-0.23,-0.3,-0.09
4,12/1/1990,12/31/1990,12,1990,2.35,51.9,41.1,62.7,1.17,-1.03,-0.85,0.68,-0.54,-0.57,1.5,0.72,-0.26,-0.69,0
4,1/1/1991,1/31/1991,1,1991,6.69,46.2,36.8,55.4,2.19,2.19,3.44,2.19,1.71,0.94,0.64,1.54,0.56,0.01,0.45
4,2/1/1991,2/28/1991,2,1991,1.74,50.3,38.6,62.1,-0.65,1.32,-1.95,0.38,-1.11,0.6,0.19,0.92,0.21,-0.12,0.37
4,3/1/1991,3/31/1991,3,1991,5.46,56.6,44.9,68.4,-0.24,1.53,1.04,1.01,1.03,-0.01,0.98,1.61,1.06,0.25,0.45
4,4/1/1991,4/30/1991,4,1991,2.53,65.3,54.3,76.4,-0.53,1.05,-0.95,0.09,-0.31,0.51,-0.17,0.31,1.26,0.38,0.21
4,5/1/1991,5/31/1991,5,1991,3.59,73.7,63.7,83.8,-0.64,0.78,-0.48,-0.36,0.12,-0.16,0.45,0.4,0.94,0.33,0.23
4,6/1/1991,6/30/1991,6,1991,2.73,77.1,66.1,88.1,-1.18,-1.18,-1.84,-1.18,-1.2,-0.9,-0.97,0.14,1.04,0.58,-0.02
4,7/1/1991,7/31/1991,7,1991,7.25,81.7,72.1,91.3,0.1,-0.96,0.29,-0.68,0.79,-0.15,-0.18,-0.27,0.14,1.04,0.15
4,8/1/1991,8/31/1991,8,1991,7.83,78.9,69.8,87.9,0.7,0.7,1.84,0.7,1.1,1.32,0.53,0.66,0.63,1.09,0.41
4,9/1/1991,9/30/1991,9,1991,2.44,73.5,62.3,84.7,-0.46,-0.46,-1.38,-0.46,-0.79,0.17,0.51,-0.19,0.34,1.07,0.01
4,10/1/1991,10/31/1991,10,1991,1.3,63.7,50.8,76.6,-0.91,-0.91,-1.49,-0.91,-0.71,-1.4,-0.3,-0.4,-0.47,-0.06,-0.22
4,11/1/1991,11/30/1991,11,1991,2.52,51.7,39.2,64.2,-0.9,-0.9,-0.24,-0.9,0.18,-0.55,-1.12,-0.42,-0.16,-0.06,-0.25
4,12/1/1991,12/31/1991,12,1991,1.94,49.9,37.4,62.3,-1.4,-1.4,-1.77,-1.4,-0.85,-0.54,-0.95,-0.25,-0.72,-0.14,-0.67
4,1/1/1992,1/31/1992,1,1992,3.89,45.8,35,56.6,-1.12,-1.12,0.41,-0.81,0.46,-0.26,-0.2,-0.41,-0.51,-0.57,-0.48
4,2/1/1992,2/29/1992,2,1992,2.85,50.7,39.1,62.3,-1.31,-1.31,-0.93,-1.31,-0.44,-0.07,-0.47,-1.14,-0.64,-0.4,-0.43
4,3/1/1992,3/31/1992,3,1992,2.82,53.3,40.4,66.3,-1.52,-1.52,-1.03,-1.52,-0.48,-0.65,-0.32,-0.85,-0.4,-0.8,-0.41
4,4/1/1992,4/30/1992,4,1992,2.46,61,48,74,-1.51,-1.51,-0.44,-1.51,-0.35,-0.68,-0.76,-0.67,-0.77,-0.82,-0.25
4,5/1/1992,5/31/1992,5,1992,4.27,66.6,54.2,79,0.54,-0.81,1.63,0.13,0.54,0.12,-0.28,-0.54,-1.09,-0.69,-0.22
4,6/1/1992,6/30/1992,6,1992,6.87,74.1,64.3,83.9,1.51,1.51,3.07,1.51,1.06,1.14,0.76,0.23,-0.32,-0.04,0.35
4,7/1/1992,7/31/1992,7,1992,2.53,82.3,71.8,92.7,-0.86,-0.86,-2.58,-0.86,-3.09,-0.37,-0.15,-0.61,-0.64,-0.76,0.28
4,8/1/1992,8/31/1992,8,1992,10.2,77.5,68.3,86.6,1.38,1.38,4.13,1.38,1.98,0.53,1.01,0.61,0.24,-0.36,0.51
4,9/1/1992,9/30/1992,9,1992,3.92,73.5,63.9,83.2,1.33,1.33,0.27,1.33,0,1.18,0.29,0.58,0.27,-0.18,0.66
4,10/1/1992,10/31/1992,10,1992,4.01,60.4,47.8,73,1.8,1.8,1.81,1.8,0.62,0.25,1.21,0.88,0.39,0.28,0.09
4,11/1/1992,11/30/1992,11,1992,6.13,56,46,65.9,2.95,2.95,4.02,2.95,1.81,1.43,1,1.35,1.1,0.72,0.42
4,12/1/1992,12/31/1992,12,1992,3.25,46.2,36.8,55.7,2.8,2.8,0.47,2.8,0.07,1.35,1.22,1.05,1.16,0.88,0.49
4,1/1/1993,1/31/1993,1,1993,6.46,48.6,38.8,58.4,3.53,3.53,3.04,3.53,1.63,1.17,1.87,1.91,1.7,1.21,0.43
4,2/1/1993,2/28/1993,2,1993,2.42,45.4,34.5,56.2,2.84,2.84,-0.96,2.4,-0.7,0.77,0.59,1.09,1.44,1.2,0.52
4,3/1/1993,3/31/1993,3,1993,4.35,51.4,39.9,62.9,2.73,2.73,0.54,2.45,0.46,-0.19,0.8,1.31,1.23,1.37,0.43
4,4/1/1993,4/30/1993,4,1993,3.63,58.8,45.4,72.2,2.8,2.8,1.05,2.8,0.41,0.5,0.05,1.34,1.69,1.55,0.56
4,5/1/1993,5/31/1993,5,1993,1.48,70.5,58.5,82.5,-0.72,1.79,-2.16,0.83,-1.5,-0.66,-0.31,0.23,0.8,1.14,0.35
4,6/1/1993,6/30/1993,6,1993,2.65,78.2,66.5,89.7,-1.45,0.8,-2.41,-1.14,-1.26,-2.19,-1.48,-0.26,0.58,0.6,0.36
4,7/1/1993,7/31/1993,7,1993,3.47,84.1,72.3,95.8,-2.46,-2.46,-3.5,-2.46,-1.42,-1.89,-2.19,-1.57,0.05,0.72,0.04
4,8/1/1993,8/31/1993,8,1993,4.08,79.3,68.7,89.9,-2.93,-2.93,-2.17,-2.93,-0.64,-1.46,-2.12,-1.82,-0.95,-0.07,-0.34
4,9/1/1993,9/30/1993,9,1993,4.83,75.5,64.7,86.3,-2.87,-2.87,-0.71,-2.87,0.34,-0.27,-1.01,-1.64,-0.84,-0.01,-0.09
4,10/1/1993,10/31/1993,10,1993,4.26,63.3,52,74.6,-2.38,-2.38,0.58,-2.07,0.71,0.56,0.13,-1.5,-1.22,0.1,0.19
4,11/1/1993,11/30/1993,11,1993,1.72,54.9,43.3,66.4,-2.57,-2.57,-1.31,-2.57,-0.39,0.31,0.27,-1.15,-1.25,-0.68,0.06
4,12/1/1993,12/31/1993,12,1993,2.61,44.3,32.8,55.8,-2.65,-2.65,-1.05,-2.65,-0.35,-0.6,0.03,-0.82,-1.44,-0.79,0.06
4,1/1/1994,1/31/1994,1,1994,5.39,42.4,30.6,54.2,-1.67,-1.67,2.14,-0.7,1.18,0.57,0.23,0.18,-1.09,-0.96,0.19
4,2/1/1994,2/28/1994,2,1994,2.2,49,37.2,60.7,-1.96,-1.96,-1.41,-1.55,-0.83,0.28,0.01,0.23,-0.93,-1,0.14
4,3/1/1994,3/31/1994,3,1994,5.03,57.3,44.2,70.5,-1.57,-1.57,0.57,-0.88,0.82,0,0.63,0.41,-0.26,-0.86,0.4
4,4/1/1994,4/30/1994,4,1994,1.55,64.8,51,78.6,-2.04,-2.04,-1.9,-2.04,-1.06,-0.09,-0.51,-0.19,-0.11,-1.21,0.35
4,5/1/1994,5/31/1994,5,1994,2.26,67.3,54.8,79.8,-2.23,-2.23,-1.2,-2.23,-0.83,-1.42,-0.55,-0.35,-0.1,-1.04,0.14
4,6/1/1994,6/30/1994,6,1994,6.3,78.4,68.2,88.5,0.39,-1.62,1.16,-1.03,0.81,0.14,-0.45,0.13,0.09,-0.45,0.12
4,7/1/1994,7/31/1994,7,1994,7.33,80,71,89,0.75,-1.05,1.21,0.1,0.82,1.01,0.51,0.03,0.14,0.14,0.57
4,8/1/1994,8/31/1994,8,1994,5.63,77,67.2,86.8,0.9,-0.71,0.69,0.71,0.15,0.61,0.92,0.37,0.32,0.42,0.18
4,9/1/1994,9/30/1994,9,1994,5.28,71.5,60.9,82,1.25,1.25,1.33,1.25,0.48,0.36,0.68,0.21,0.46,0.37,0.29
4,10/1/1994,10/31/1994,10,1994,5.07,62,50.7,73.2,2.02,2.02,2.69,2.02,0.96,0.86,0.78,0.89,0.5,0.55,0.38
4,11/1/1994,11/30/1994,11,1994,3.09,58.1,46.2,70.1,2.02,2.02,0.62,2.02,0.51,0.95,0.87,1.19,0.85,0.7,0.05
4,12/1/1994,12/31/1994,12,1994,8.41,50.4,40.9,59.9,3.59,3.59,5.35,3.59,2.44,1.96,1.84,1.77,1.34,1.43,0.52
4,1/1/1995,1/31/1995,1,1995,6.39,45.5,34.8,56.1,4.29,4.29,3.19,4.29,1.6,2.7,2.33,1.9,1.97,1.54,0.48
4,2/1/1995,2/28/1995,2,1995,4.88,45,34.5,55.5,4.33,4.33,1.45,4.33,0.71,1.64,2.65,2.01,2.31,1.95,0.74
4,3/1/1995,3/31/1995,3,1995,2.25,56.6,43.5,69.6,3.26,3.26,-1.88,2.48,-0.91,-0.04,0.88,1.81,1.87,1.56,0.55
4,4/1/1995,4/30/1995,4,1995,0.82,64.4,51,77.9,2.05,2.05,-2.6,0.26,-1.73,-1.81,-0.83,1.27,1.37,1.5,0.32
4,5/1/1995,5/31/1995,5,1995,3.53,71.8,59.5,84.2,1.57,1.57,-0.8,-0.46,0.08,-1.09,-1.49,1.22,1.36,1.61,0.49
4,6/1/1995,6/30/1995,6,1995,9.01,75.6,66,85.3,2.82,2.82,4.24,2.27,1.94,1.62,0.68,1.01,1.84,1.88,1.02
4,7/1/1995,7/31/1995,7,1995,4.97,80.8,70.7,91,2.44,2.44,-0.27,1.76,-0.27,1.11,0.98,0.19,1.52,1.58,1.16
4,8/1/1995,8/31/1995,8,1995,8.46,80,70.4,89.5,3.07,3.07,2.64,3.07,1.35,0.77,1.69,0.58,1.88,1.9,1.49
4,9/1/1995,9/30/1995,9,1995,3.03,72.2,63.1,81.2,2.65,2.65,-0.33,2.45,-0.42,0.52,0.24,0.5,0.84,1.63,1.35
4,10/1/1995,10/31/1995,10,1995,7.53,66.1,55.2,77,3.82,3.82,4.34,3.82,1.6,0.91,1.37,1.63,1.05,1.85,1.57
4,11/1/1995,11/30/1995,11,1995,3.04,50.7,38.3,63.1,3.84,3.84,1.25,3.84,0.48,1.53,0.91,1.71,1.01,1.99,1.73
4,12/1/1995,12/31/1995,12,1995,2.1,43,31.4,54.6,3.28,3.28,-0.51,3.02,-0.73,-0.21,1.06,0.89,1,1.24,1.97
4,1/1/1996,1/31/1996,1,1996,2.93,43.5,32.3,54.6,2.87,2.87,-0.2,2.48,-0.1,-0.6,-0.3,0.9,1.28,0.79,1.7
4,2/1/1996,2/29/1996,2,1996,1.9,47.4,35,59.8,2.04,2.04,-1.61,0.98,-1.01,-0.88,-1.05,0.14,1.03,0.4,1.66
4,3/1/1996,3/31/1996,3,1996,5.06,50.2,38.6,61.8,2.26,2.26,1.28,1.66,0.83,-0.11,-0.21,0.65,0.63,0.78,1.6
4,4/1/1996,4/30/1996,4,1996,3.26,61.2,48.5,73.8,2.15,2.15,0.36,1.64,0.18,0.64,-0.01,-0.24,0.76,1.12,1.62
4,5/1/1996,5/31/1996,5,1996,2.97,71.8,59.6,84,1.69,1.69,-0.7,0.9,-0.3,-0.1,0.35,-0.54,0.22,1.01,1.67
4,6/1/1996,6/30/1996,6,1996,4.33,76.8,66,87.5,1.47,1.47,-0.15,0.6,-0.2,-0.42,-0.28,-0.38,0.38,0.4,1.46
4,7/1/1996,7/31/1996,7,1996,6.56,80.3,70.3,90.3,1.44,1.44,0.37,0.69,0.51,0.17,-0.1,-0.1,-0.26,0.62,1.43
4,8/1/1996,8/31/1996,8,1996,5.7,77.3,67.9,86.6,1.45,1.45,0.48,0.83,0.18,0.37,0.19,0.32,-0.32,0.32,1.44
4,9/1/1996,9/30/1996,9,1996,8.57,72.9,62.7,83,2.53,2.53,3.66,2.53,1.33,1.22,1.25,0.8,0.51,0.93,1.65
4,10/1/1996,10/31/1996,10,1996,3.93,62.5,50.5,74.6,2.82,2.82,1.65,2.82,0.59,1.31,1.22,0.93,0.74,0.55,1.56
4,11/1/1996,11/30/1996,11,1996,2.16,50.2,37.9,62.6,2.65,2.65,0.37,2.65,-0.06,0.34,1.12,0.95,1,0.39,1.56
4,12/1/1996,12/31/1996,12,1996,2.57,48.7,36.6,60.8,2.25,2.25,-0.38,2.02,-0.38,-0.4,0.05,0.95,0.64,0.44,1.2
4,1/1/1997,1/31/1997,1,1997,3.71,45.8,35.5,56.2,2.17,2.17,0.45,2.07,0.36,-0.08,-0.17,0.83,0.67,0.55,0.88
4,2/1/1997,2/28/1997,2,1997,3.84,50.5,39.4,61.6,1.97,1.97,0.07,1.84,0.13,0.26,-0.02,0.87,0.79,0.84,0.78
4,3/1/1997,3/31/1997,3,1997,2.92,60.6,47.7,73.4,1.19,1.19,-1.73,0.25,-0.41,-0.19,-0.02,0.01,0.77,0.53,0.85
4,4/1/1997,4/30/1997,4,1997,4.28,59.2,46.3,72.2,1.63,1.63,1.67,1.35,0.78,0.18,0.25,0.03,0.81,0.66,1.13
4,5/1/1997,5/31/1997,5,1997,2.09,66.6,53.5,79.7,1.18,1.18,-0.83,0.5,-0.97,-0.04,-0.38,-0.26,0.57,0.53,1
4,6/1/1997,6/30/1997,6,1997,5.94,73.4,63.8,82.9,1.72,1.72,1.99,1.72,0.64,-0.09,0.34,0.15,0.11,0.76,0.73
4,7/1/1997,7/31/1997,7,1997,6.51,80.4,70.3,90.4,1.88,1.88,1,1.88,0.49,0.66,0.11,0.22,0.08,0.75,0.89
4,8/1/1997,8/31/1997,8,1997,2.49,77.3,66.1,88.6,1.03,1.03,-1.97,0.03,-1.61,-0.86,-0.32,-0.56,-0.41,0.4,0.41
4,9/1/1997,9/30/1997,9,1997,6.37,73.4,63.2,83.5,1.45,1.45,1.58,1.14,0.8,-0.28,-0.05,0.08,-0.01,0,0.68
4,10/1/1997,10/31/1997,10,1997,3.55,63.7,52.6,74.7,1.64,1.64,1.02,1.64,0.45,0.76,-0.07,-0.01,0.08,0.01,0.33
4,11/1/1997,11/30/1997,11,1997,4.37,51.2,39.7,62.6,2.34,2.34,2.6,2.34,1.13,0.88,1.05,0.6,0.35,0.27,0.4
4,12/1/1997,12/31/1997,12,1997,5.43,45.9,35.8,56.1,2.99,2.99,2.67,2.99,1.23,1.48,1.21,0.82,0.78,0.65,0.73
4,1/1/1998,1/31/1998,1,1998,7.33,48.5,38.9,58.1,3.99,3.99,3.93,3.99,1.95,2.12,2.16,1.28,1.2,1.12,1.15
4,2/1/1998,2/28/1998,2,1998,8.73,49.6,39.5,59.7,5.21,5.21,4.89,5.21,2.72,3.09,3.09,2.31,2.1,1.8,1.86
4,3/1/1998,3/31/1998,3,1998,5.53,53.5,42.4,64.6,5.14,5.14,1.41,5.14,1.06,2.33,2.81,2.44,2.11,2.06,1.81
4,4/1/1998,4/30/1998,4,1998,5.37,62.7,51,74.4,5.4,5.4,2.36,5.4,1.35,1.63,2.41,2.98,2.24,2.27,1.82
4,5/1/1998,5/31/1998,5,1998,3.48,72.4,60.8,84.1,-0.08,4.77,-0.23,4.63,0.04,0.97,1.35,3.03,2.61,2.35,1.86
4,6/1/1998,6/30/1998,6,1998,3.16,80.3,68.6,91.9,-0.73,3.61,-2,2.67,-0.91,-0.74,0.24,2.27,2.27,1.94,1.69
4,7/1/1998,7/31/1998,7,1998,5.45,82.3,71.9,92.7,-1.12,2.78,-1.38,1.31,-0.01,-0.69,-0.65,1.39,2.24,1.79,1.64
4,8/1/1998,8/31/1998,8,1998,4.26,79.3,68.8,89.9,-1.58,1.92,-1.73,-0.15,-0.54,-0.58,-1.02,0.18,1.89,1.98,1.54
4,9/1/1998,9/30/1998,9,1998,4.44,75.5,64.2,86.9,-1.7,1.44,-0.83,-0.82,0.2,-0.34,-0.41,-0.24,1.53,1.76,1.23
4,10/1/1998,10/31/1998,10,1998,1.11,65.4,51.8,79,-2.29,-2.29,-2.32,-2.29,-0.87,-0.53,-0.87,-1.18,0.63,1.49,1.01
4,11/1/1998,11/30/1998,11,1998,1.43,57.3,45,69.6,-2.82,-2.82,-2.28,-2.82,-0.65,-1.29,-0.85,-1.46,-0.44,1.22,0.95
4,12/1/1998,12/31/1998,12,1998,4.34,52.4,41.4,63.3,-2.73,-2.73,-0.59,-2.73,0.69,0.07,-0.53,-0.81,-0.55,1.07,1.21
4,1/1/1999,1/31/1999,1,1999,6.33,50,36.9,63.2,-1.67,-1.67,2.33,-0.63,1.57,1.48,0.92,-0.01,-0.41,0.93,1.45
4,2/1/1999,2/28/1999,2,1999,2.18,49.7,36.9,62.5,-1.99,-1.99,-1.48,-1.53,-0.84,0.63,0.8,0.01,-0.65,0.03,1.28
4,3/1/1999,3/31/1999,3,1999,3.21,51.5,38.3,64.7,-1.95,-1.95,-0.51,-1.64,-0.21,-0.78,0.36,-0.1,-0.41,-0.31,1.28
4,4/1/1999,4/30/1999,4,1999,5.4,65.2,53.7,76.7,-1.07,-1.07,2.04,0.09,1.37,0.76,0.18,0.73,0.06,-0.33,1.3
4,5/1/1999,5/31/1999,5,1999,3.22,68.7,56.8,80.5,-0.93,-0.93,0.11,0.25,-0.13,0.88,0.53,0.89,0.2,-0.35,1.38
4,6/1/1999,6/30/1999,6,1999,3.25,75.4,65.4,85.3,-1.09,-1.09,-0.77,-0.21,-0.85,-0.82,0.19,0.32,-0.05,-0.31,1.14
4,7/1/1999,7/31/1999,7,1999,4.16,81.2,71.3,91.1,-1.59,-1.59,-1.84,-1.22,-0.8,-1.22,-1.13,-0.7,-0.01,-0.5,0.99
4,8/1/1999,8/31/1999,8,1999,3.84,82.3,71.5,93.1,-2.3,-2.3,-2.61,-2.3,-0.78,-1.27,-1.66,-0.86,-0.11,-0.58,1.1
4,9/1/1999,9/30/1999,9,1999,12.32,71.6,61,82.2,2.09,2.09,6.28,2.09,2.04,1.63,1.14,0.94,0.93,0.53,1.52
4,10/1/1999,10/31/1999,10,1999,5.8,62.7,51.7,73.8,2.97,2.97,3.28,2.97,1.17,2.28,1.87,1.01,0.9,1.16,1.66
4,11/1/1999,11/30/1999,11,1999,1.55,58.3,45.3,71.3,2.33,2.33,-1.01,1.85,-0.54,0.73,2.01,0.9,1.03,1.2,1.52
4,12/1/1999,12/31/1999,12,1999,2.33,46.6,34.4,58.9,1.93,1.93,-0.48,1.2,-0.55,-0.84,0.33,1.04,0.91,0.93,1.43
4,1/1/2000,1/31/2000,1,2000,6.09,43.4,32.9,53.9,2.73,2.73,3.01,2.73,1.48,0.72,0.31,1.63,0.98,0.9,1.27
4,2/1/2000,2/29/2000,2,2000,1.2,49.9,36.4,63.3,-0.82,1.63,-2.47,0.53,-1.45,0.16,-0.17,1.52,0.67,0.8,0.49
4,3/1/2000,3/31/2000,3,2000,3.8,57.6,44.2,71,-0.93,1.26,-0.58,-0.07,0.15,-0.96,0.17,0.33,0.93,0.86,0.35
4,4/1/2000,4/30/2000,4,2000,2.96,60.9,48.5,73.2,-0.81,1.16,0.09,-0.11,-0.01,-0.01,-0.83,-0.32,1.11,0.52,0.16
4,5/1/2000,5/31/2000,5,2000,2.09,73.4,60.3,86.4,-1.38,-1.38,-1.98,-1.38,-0.97,-0.69,-0.55,-0.48,1.15,0.35,0.01
4,6/1/2000,6/30/2000,6,2000,4.24,78.1,66.9,89.4,-1.52,-1.52,-0.84,-1.52,-0.25,-0.9,-0.78,-0.4,-0.12,0.51,0.14
4,7/1/2000,7/31/2000,7,2000,5.97,79.1,68.9,89.4,-1.4,-1.4,-0.12,-1.39,0.25,-0.07,-0.58,-0.98,-0.63,0.75,0.21
4,8/1/2000,8/31/2000,8,2000,5.02,78.4,68.4,88.4,-1.46,-1.46,-0.62,-1.46,-0.15,-0.09,-0.22,-0.6,-0.54,0.96,0.3
4,9/1/2000,9/30/2000,9,2000,9.03,72.8,63.6,82.1,1.22,1.22,3.66,1.22,1.43,1.17,1.08,0.4,0.37,0.44,0.68
4,10/1/2000,10/31/2000,10,2000,0.01,62.2,47.9,76.5,-0.59,-0.59,-1.77,-0.59,-3.09,0.54,0.35,-0.13,-0.57,-0.33,0.59
4,11/1/2000,11/30/2000,11,2000,3.5,51.8,39.1,64.5,-0.14,-0.14,1.17,0.39,0.72,-0.7,0.68,0.33,0.02,-0.09,0.74
4,12/1/2000,12/31/2000,12,2000,1.42,39.4,28.8,49.9,-0.47,-0.47,-1.03,-0.47,-1.31,-0.31,-1.32,0.11,-0.33,-0.24,0.46
4,1/1/2001,1/31/2001,1,2001,1.53,43.7,32.1,55.3,-0.96,-0.96,-1.63,-0.96,-1.18,-1.57,-0.87,-0.29,-0.63,-0.98,-0.07
4,2/1/2001,2/28/2001,2,2001,2.59,51.1,39.3,62.8,-1.26,-1.26,-1.18,-1.26,-0.6,-1.2,-1.54,-0.36,-0.54,-0.75,-0.01
4,3/1/2001,3/31/2001,3,2001,6.29,52.2,40.8,63.5,0.74,0.74,2.23,0.74,1.4,0.62,-0.04,-0.85,0.05,-0.33,0.34
4,4/1/2001,4/30/2001,4,2001,0.67,63.3,50,76.6,-0.87,-0.87,-2.61,-0.87,-1.89,0.07,-0.24,-0.79,-0.39,-0.71,-0.08
4,5/1/2001,5/31/2001,5,2001,2.52,70.6,57.2,84.1,-1.35,-1.35,-1.72,-1.35,-0.63,-1.86,-0.31,-1.32,-0.5,-0.61,-0.16
4,6/1/2001,6/30/2001,6,2001,5.39,77.7,67.6,87.8,-1.16,-1.16,0.15,-0.99,0.37,-0.14,-1.09,-0.73,-1.29,-0.41,0.08
4,7/1/2001,7/31/2001,7,2001,4.79,78.3,68.4,88.1,-1.35,-1.35,-0.92,-1.35,-0.38,-0.08,-0.46,-0.51,-0.94,-0.59,0.16
4,8/1/2001,8/31/2001,8,2001,3.64,79.8,69.1,90.6,-1.94,-1.94,-2.2,-1.94,-0.89,-1.09,-0.69,-0.8,-1.66,-0.88,0.16
4,9/1/2001,9/30/2001,9,2001,3.36,71.5,60.6,82.3,-2.12,-2.12,-1.14,-2.12,-0.25,-0.99,-1.24,-1.58,-1.31,-1.77,-0.82
4,10/1/2001,10/31/2001,10,2001,0.84,61.4,46.7,76.1,-2.61,-2.61,-2.12,-2.61,-1.14,-1.14,-1.68,-1.57,-1.46,-2.04,-1.49
4,11/1/2001,11/30/2001,11,2001,0.93,59.5,45.5,73.6,-3.35,-3.35,-3.01,-3.35,-1.2,-1.97,-1.6,-1.72,-1.76,-2.4,-1.49
4,12/1/2001,12/31/2001,12,2001,1.27,53.2,40.7,65.6,-4.25,-4.25,-3.73,-4.25,-1.46,-2,-2.46,-3.09,-2.84,-2.38,-1.75
4,1/1/2002,1/31/2002,1,2002,3.04,47.5,35.6,59.5,-4.34,-4.34,-1.6,-4.34,-0.03,-0.92,-1.34,-2.2,-2.13,-2,-1.93
4,2/1/2002,2/28/2002,2,2002,1.95,48.8,35.9,61.8,-4.77,-4.77,-2.63,-4.77,-0.98,-0.81,-1.28,-2.45,-2.21,-2.11,-1.79
4,3/1/2002,3/31/2002,3,2002,3.27,56.3,43.6,69,-4.74,-4.74,-1.38,-4.74,-0.17,-0.86,-0.77,-2.07,-2.76,-2.66,-1.9
4,4/1/2002,4/30/2002,4,2002,1.79,67.5,54.8,80.2,-4.93,-4.93,-2.05,-4.93,-0.86,-0.79,-1.23,-1.84,-2.68,-2.34,-2.19
4,5/1/2002,5/31/2002,5,2002,3.25,68.6,55.9,81.3,-4.55,-4.55,-0.37,-4.55,-0.11,-0.7,-0.76,-1.44,-2.18,-2.14,-1.92
4,6/1/2002,6/30/2002,6,2002,3.15,78,66.7,89.3,-4.64,-4.64,-1.68,-4.64,-0.92,-0.86,-1.27,-1.38,-2.33,-2.86,-2.15
4,7/1/2002,7/31/2002,7,2002,4.4,81.9,70.8,93,-4.89,-4.89,-2.18,-4.89,-0.63,-1.15,-1.07,-1.62,-2.32,-3.09,-2.77
4,8/1/2002,8/31/2002,8,2002,7.82,79.6,68.7,90.4,0.46,-3.93,1.37,-3.36,1.1,0.35,-0.18,-0.7,-1.38,-2.83,-2.41
4,9/1/2002,9/30/2002,9,2002,4.69,76.3,67.7,84.9,0.34,-3.59,-0.2,-3.05,0.29,0.79,0.36,-0.46,-0.84,-1.64,-3.09
4,10/1/2002,10/31/2002,10,2002,4.76,67.2,58.9,75.5,0.73,-2.8,1.25,-1.75,0.87,0.65,1.04,0.21,-0.43,-1.07,-2.17
4,11/1/2002,11/30/2002,11,2002,4.1,52.4,40.7,64.1,1.29,-1.88,1.92,-0.12,1.01,1.13,0.9,0.55,0.13,-0.53,-1.84
4,12/1/2002,12/31/2002,12,2002,3.86,44,33,55,1.56,-1.28,1.21,0.83,0.43,0.9,1.07,0.98,0.28,-0.13,-1.67
4,1/1/2003,1/31/2003,1,2003,1.45,41.5,30,53,0.87,-1.68,-1.6,-0.18,-1.26,-0.48,0.14,0.84,0.19,-0.36,-1.54
4,2/1/2003,2/28/2003,2,2003,3.61,46.4,35.4,57.3,0.82,-1.46,0.14,0.03,0,-0.78,-0.4,0.49,0.24,-0.11,-1.39
4,3/1/2003,3/31/2003,3,2003,6.82,57.3,46.5,68.1,1.47,-0.58,2.2,1.45,1.62,1.16,0.41,0.99,0.99,0.41,-1.34
4,4/1/2003,4/30/2003,4,2003,5.41,61.1,50,72.2,2.19,2.19,2.61,2.19,1.37,2.1,1.56,1.17,1.46,0.91,-0.79
4,5/1/2003,5/31/2003,5,2003,4.43,70.2,60,80.5,2.37,2.37,1.22,2.37,0.63,1.32,2.02,1.08,1.28,1.04,-0.58
4,6/1/2003,6/30/2003,6,2003,6.81,76.7,66.1,87.2,3,3,2.61,3,1.04,1.18,1.63,1.33,1.55,1.48,-0.39
4,7/1/2003,7/31/2003,7,2003,7.9,79.7,70.7,88.7,3.52,3.52,2.5,3.52,1.03,1.31,1.43,1.94,1.66,1.83,-0.07
4,8/1/2003,8/31/2003,8,2003,3.44,80.2,71.4,89,-0.51,2.65,-1.53,1.98,-1.01,0.04,0.63,1.8,1.18,1.4,-0.08
4,9/1/2003,9/30/2003,9,2003,2.92,72.8,62.5,83.1,-0.82,2.01,-1.09,0.88,-0.48,-1.28,-0.38,0.71,0.76,1.12,-0.14
4,10/1/2003,10/31/2003,10,2003,4.86,63.2,51.6,74.7,-0.19,2.35,1.64,1.82,0.9,0.21,-0.41,0.63,1.28,1.17,0.25
4,11/1/2003,11/30/2003,11,2003,1.18,59.2,46,72.4,-0.73,1.55,-1.68,0.36,-0.9,0.33,-0.22,0.2,1.18,0.83,0.23
4,12/1/2003,12/31/2003,12,2003,2.78,43.2,30.4,56,-0.74,1.31,-0.24,0.05,-0.23,-0.8,0.09,-0.29,0.59,0.67,0.33
4,1/1/2004,1/31/2004,1,2004,1.65,42.6,30.8,54.4,-1.14,0.69,-1.45,-1,-1.07,-0.86,-1.19,-1.12,-0.07,0.69,0.15
4,2/1/2004,2/29/2004,2,2004,5.17,44.4,34.3,54.5,-0.44,1.21,1.75,0.14,0.87,-0.03,-0.18,-0.25,0.05,0.93,0.5
4,3/1/2004,3/31/2004,3,2004,0.74,57,43.4,70.5,-1.49,-1.49,-3.29,-1.49,-2.55,-0.55,-1.02,-0.59,-0.82,0.07,0.27
4,4/1/2004,4/30/2004,4,2004,2.3,63.1,49.5,76.8,-1.71,-1.71,-1.13,-1.71,-0.47,-1.82,-0.73,-1.37,-1.39,-0.42,0.36
4,5/1/2004,5/31/2004,5,2004,3.04,74.6,62.9,86.3,-2.06,-2.06,-1.56,-2.06,-0.25,-0.54,-1.73,-1.16,-1.06,-0.61,0.33
4,6/1/2004,6/30/2004,6,2004,4.95,78.9,69.7,88.1,-2,-2,-0.46,-2,0.14,-0.11,-0.38,-1.02,-0.74,-0.9,0.5
4,7/1/2004,7/31/2004,7,2004,6.35,80.6,70.6,90.6,-1.86,-1.86,-0.2,-1.86,0.42,0.3,0.05,-0.44,-1.06,-1.17,0.7
4,8/1/2004,8/31/2004,8,2004,11.27,77,68.1,86,1.76,1.76,5.27,1.76,2.34,2.1,1.72,0.5,0.31,0.14,0.99
4,9/1/2004,9/30/2004,9,2004,6.6,74,65.8,82.3,2.4,2.4,2.46,2.4,0.86,1.98,1.9,1.35,0.64,0.55,1.12
4,10/1/2004,10/31/2004,10,2004,1.86,66.2,56.6,75.9,-0.15,2,-0.46,1.73,-0.33,0.39,1.5,1.25,0.74,0.22,0.89
4,11/1/2004,11/30/2004,11,2004,2.79,57.2,45.8,68.6,-0.08,1.85,0.17,1.6,0.34,-0.18,0.38,1.37,0.58,0.39,0.77
4,12/1/2004,12/31/2004,12,2004,1.81,45.8,33.3,58.4,-0.39,1.34,-0.95,0.62,-0.96,-0.47,-0.68,1.15,0.77,0.24,0.59
4,1/1/2005,1/31/2005,1,2005,1.85,47.5,36.1,58.8,-0.86,0.69,-1.55,-0.7,-0.89,-1.22,-0.87,0.76,0.67,0.27,0.59
4,2/1/2005,2/28/2005,2,2005,3.01,48.3,37.3,59.3,-0.97,-0.97,-0.57,-0.97,-0.35,-0.86,-1.14,-0.39,0.66,-0.05,0.54
4,3/1/2005,3/31/2005,3,2005,3.71,52.3,40.2,64.4,-0.91,-0.91,-0.13,-0.91,0.1,-0.21,-0.66,-0.93,0.66,0.39,0.26
4,4/1/2005,4/30/2005,4,2005,1.92,60.8,47.5,74.1,-1.14,-1.14,-0.98,-1.14,-0.76,-0.52,-0.57,-1.03,0.39,0.32,-0.03
4,5/1/2005,5/31/2005,5,2005,3.53,67.3,55.2,79.3,0.19,-0.84,0.56,-0.37,0.08,-0.48,-0.43,-1.12,-0.59,0.39,-0.13
4,6/1/2005,6/30/2005,6,2005,5.94,76.7,67.5,86,0.73,0.73,1.69,0.73,0.64,0.51,0.03,-0.5,-0.78,0.55,-0.18
4,7/1/2005,7/31/2005,7,2005,5.67,82.5,73,92,0.66,0.66,0.03,0.66,0.1,0.4,0.29,-0.17,-0.63,0.46,-0.41
4,8/1/2005,8/31/2005,8,2005,5.5,80.8,71.8,89.8,-0.04,-0.04,-0.13,0.55,0.08,-0.02,0.34,-0.06,-0.7,-0.34,-0.18
4,9/1/2005,9/30/2005,9,2005,1.69,77.8,66.9,88.7,-0.93,-0.93,-2.66,-0.93,-1.53,-0.91,-0.84,-0.65,-0.94,-1.14,-0.32
4,10/1/2005,10/31/2005,10,2005,6.06,65.3,54.4,76.1,0.73,0.73,2.2,0.73,1.24,0.2,0.15,0.27,-0.08,-0.46,-0.19
4,11/1/2005,11/30/2005,11,2005,4.21,56.2,43.1,69.3,1.24,1.24,1.75,1.24,1.06,1.46,0.55,0.57,0.3,-0.3,0.06
4,12/1/2005,12/31/2005,12,2005,3.57,44.8,33,56.7,1.41,1.41,0.87,1.41,0.26,0.83,1.31,0.46,0.33,-0.04,0.06
4,1/1/2006,1/31/2006,1,2006,3.03,50.9,39,62.7,-0.2,1.06,-0.61,0.63,-0.04,0.05,0.56,0.39,0.47,0.14,0.18
4,2/1/2006,2/28/2006,2,2006,3.03,46.3,34.8,57.8,-0.32,0.81,-0.42,0.09,-0.34,-0.35,-0.17,0.34,0.38,0.15,-0.02
4,3/1/2006,3/31/2006,3,2006,1.25,54.2,41.7,66.7,-1.14,-1.14,-2.54,-1.14,-1.87,-1.31,-1.12,0.4,-0.19,-0.21,0.07
4,4/1/2006,4/30/2006,4,2006,2.93,66,51.7,80.2,-1.24,-1.24,-0.67,-1.24,-0.03,-1.22,-1.14,-0.3,-0.18,-0.08,0.18
4,5/1/2006,5/31/2006,5,2006,3.87,68.6,56.1,81,0.26,-0.86,0.77,-0.3,0.29,0.15,-0.87,-0.67,-0.13,-0.02,0.25
4,6/1/2006,6/30/2006,6,2006,7.82,76.5,65.7,87.3,1.42,1.42,3.58,1.42,1.47,1.33,1.07,-0.04,0.79,0.27,0.52
4,7/1/2006,7/31/2006,7,2006,3.21,80.6,69.8,91.5,-0.59,0.69,-1.76,-0.35,-1.72,0.21,0.22,-0.54,-0.12,-0.06,0.27
4,8/1/2006,8/31/2006,8,2006,4.86,81.3,71.3,91.2,-0.94,-0.94,-1.26,-0.94,-0.23,-1.24,-0.02,-0.64,-0.57,-0.12,-0.36
4,9/1/2006,9/30/2006,9,2006,5.52,72.7,62.5,82.8,0.24,0.24,0.72,-0.61,0.56,0.2,-0.59,0.19,-0.46,0.35,-0.49
4,10/1/2006,10/31/2006,10,2006,3.11,61.7,49.2,74.2,0.38,0.38,0.48,-0.38,0.28,0.44,0.21,0.27,-0.33,0.01,-0.35
4,11/1/2006,11/30/2006,11,2006,6.12,55.2,42.6,67.7,1.57,1.57,3.71,1.57,1.81,1.22,1.14,0.85,0.38,0.22,-0.06
4,12/1/2006,12/31/2006,12,2006,3.96,51.8,38.8,64.6,1.67,1.67,0.78,1.67,0.48,1.56,1.17,0.47,0.84,0.26,0.08
4,1/1/2007,1/31/2007,1,2007,3.05,49.2,37.7,60.6,-0.15,1.35,-0.46,1.04,-0.02,0.2,1.19,0.83,0.83,0.27,0.18
4,2/1/2007,2/28/2007,2,2007,2.3,45.1,32.6,57.7,-0.49,0.85,-1.06,-0.04,-0.77,-0.65,-0.27,0.76,0.58,0.17,0.13
4,3/1/2007,3/31/2007,3,2007,1.81,58.1,44.1,72.1,-1.25,-1.25,-2.44,-1.25,-1.29,-1.39,-1.18,0.25,-0.2,0.25,-0.03
4,4/1/2007,4/30/2007,4,2007,3.22,60.8,46.8,74.9,-1,-1,0.37,-0.69,0.15,-0.8,-1.09,0.24,0.26,0.28,0.15
4,5/1/2007,5/31/2007,5,2007,2.1,69,55.6,82.4,-1.3,-1.3,-1.21,-1.3,-0.96,-0.55,-1.26,-0.97,0.12,0.02,0
4,6/1/2007,6/30/2007,6,2007,5.14,77.1,66.2,88,-1,-1,0.5,-0.62,0.24,-0.45,-0.32,-1.07,0,-0.34,-0.04
4,7/1/2007,7/31/2007,7,2007,3.88,78.9,68.2,89.6,-1.37,-1.37,-1.43,-1.37,-1.03,-0.52,-0.97,-1.45,-0.36,-0.23,-0.21
4,8/1/2007,8/31/2007,8,2007,3.68,84.1,72.6,95.6,-2.19,-2.19,-2.89,-2.19,-0.87,-1.46,-1.08,-1.77,-1.58,-0.4,-0.39
4,9/1/2007,9/30/2007,9,2007,1.65,75.9,64.4,87.3,-3.05,-3.05,-3.23,-3.05,-1.59,-1.81,-2.52,-1.76,-2.07,-1.02,-0.4
4,10/1/2007,10/31/2007,10,2007,4.17,69.4,58.1,80.7,-2.81,-2.81,-0.23,-2.81,0.67,-0.43,-0.98,-1.54,-2,-0.91,-0.62
4,11/1/2007,11/30/2007,11,2007,0.28,54.3,40.5,68.1,-3.52,-3.52,-3.01,-3.52,-2.52,-0.26,-1.18,-1.76,-2.49,-2.11,-1.09
4,12/1/2007,12/31/2007,12,2007,4.22,52.9,40.8,65,-3.44,-3.44,-0.83,-3.44,0.63,-0.52,0.05,-1.8,-1.53,-2.01,-1.17
4,1/1/2008,1/31/2008,1,2008,2.83,44.6,33.8,55.5,-3.4,-3.4,-0.94,-3.4,-0.16,0.22,-0.55,-1.12,-1.62,-2.01,-1.11
4,2/1/2008,2/29/2008,2,2008,4.07,51.4,38.6,64.3,-2.98,-2.98,0.2,-2.84,0.26,0,0.29,-0.55,-1.19,-1.65,-0.97
4,3/1/2008,3/31/2008,3,2008,3.1,54.9,41.8,68,-2.99,-2.99,-0.93,-2.99,-0.29,-0.02,-0.17,-0.09,-1.42,-1.37,-0.75
4,4/1/2008,4/30/2008,4,2008,3.58,62.7,50.9,74.4,-2.51,-2.51,0.5,-2.25,0.38,-0.05,0.16,-0.29,-0.86,-1.3,-0.63
4,5/1/2008,5/31/2008,5,2008,3.37,68.7,55.9,81.5,-2.16,-2.16,0.28,-1.72,-0.03,0.22,-0.09,0.13,-0.55,-1.05,-0.68
4,6/1/2008,6/30/2008,6,2008,3.19,80.3,68.3,92.2,-2.52,-2.52,-1.74,-2.52,-0.89,-0.78,-0.44,-0.46,-0.34,-1.42,-1.17
4,7/1/2008,7/31/2008,7,2008,6.38,79.6,69,90.2,0.05,-2.21,0.14,-2.09,0.43,-0.31,-0.38,-0.19,-0.47,-0.97,-0.84
4,8/1/2008,8/31/2008,8,2008,7.53,78.9,69.3,88.5,0.58,-1.45,1.61,-0.58,0.98,0.93,0.33,0.15,0.31,-0.31,-0.53
4,9/1/2008,9/30/2008,9,2008,7.61,74,65,83.1,1.46,1.46,2.84,1.46,1.11,1.41,1.39,0.85,0.57,0.47,-0.3
4,10/1/2008,10/31/2008,10,2008,3.35,61.6,49.1,74.2,1.72,1.72,1.21,1.72,0.38,0.99,1.28,0.82,0.73,0.44,-0.27
4,11/1/2008,11/30/2008,11,2008,3.98,50.9,38.8,63.1,2.28,2.28,2.22,2.28,0.95,0.72,1.17,1.09,0.93,0.9,-0.54
4,12/1/2008,12/31/2008,12,2008,2.06,52,40.9,63,-0.38,1.66,-1.15,1.09,-0.76,0.18,0.25,1.19,0.79,0.59,-0.9
4,1/1/2009,1/31/2009,1,2009,1.81,44.4,33.8,55,-0.81,1.03,-1.39,-0.19,-0.92,-1.12,-0.37,0.78,0.48,0.45,-0.98
4,2/1/2009,2/28/2009,2,2009,1.43,46.7,34,59.5,-1.39,-1.39,-2,-1.39,-1.3,-1.6,-1.62,0.09,0.16,0.08,-1.03
4,3/1/2009,3/31/2009,3,2009,4.51,53.9,43.2,64.7,-1.1,-1.1,0.45,-0.76,0.55,-0.54,-0.95,-0.42,0.57,0.29,-0.73
4,4/1/2009,4/30/2009,4,2009,2.27,62.2,49.3,75.1,-1.25,-1.25,-0.8,-1.25,-0.49,0,-0.73,-0.77,0.35,0.08,-0.78
4,5/1/2009,5/31/2009,5,2009,5.86,71.2,61.2,81.2,0.86,0.86,2.59,0.86,1.41,0.7,0.8,-0.61,0.39,0.43,-0.38
4,6/1/2009,6/30/2009,6,2009,4.78,79,68.4,89.6,0.86,0.86,0.26,0.86,0.05,0.96,0.54,-0.33,-0.12,0.67,-0.38
4,7/1/2009,7/31/2009,7,2009,4.85,79.2,68.5,89.9,-0.13,-0.13,-0.38,0.65,-0.34,-0.28,0.4,-0.18,-0.37,0.47,-0.28
4,8/1/2009,8/31/2009,8,2009,4.16,80.5,71,90,-0.63,-0.63,-1.56,-0.63,-0.6,-0.85,-0.7,-0.02,-0.96,0.06,-0.22
4,9/1/2009,9/30/2009,9,2009,1.54,73.7,63.2,84.3,-1.46,-1.46,-2.69,-1.46,-1.78,-1.6,-1.78,-0.83,-1.23,-0.93,-0.24
4,10/1/2009,10/31/2009,10,2009,3.46,62.8,52.1,73.4,0.02,-1.29,0.06,-1.18,0.42,-0.76,-1.11,-0.51,-0.86,-0.99,-0.31
4,11/1/2009,11/30/2009,11,2009,4.58,56.2,45.8,66.6,0.53,-0.65,1.53,0.37,1.22,0.92,-0.04,-0.58,-0.1,-0.9,0.07
4,12/1/2009,12/31/2009,12,2009,6.84,45.9,35.8,55.9,1.79,1.79,3.95,1.79,1.84,1.94,1.52,0.21,0.37,-0.13,0.27
4,1/1/2010,1/31/2010,1,2010,3.85,41.1,29.8,52.4,1.89,1.89,0.85,1.89,0.44,1.49,1.73,0.46,0.58,0.18,0.35
4,2/1/2010,2/28/2010,2,2010,3.44,41.7,31.3,52,1.77,1.77,0.22,1.77,-0.1,0.16,1.17,0.7,0.18,0.48,0.3
4,3/1/2010,3/31/2010,3,2010,3.16,52.8,40.5,65,-0.22,1.37,-0.67,0.97,-0.25,-0.26,-0.03,1.11,0.13,0.28,0.33
4,4/1/2010,4/30/2010,4,2010,1.05,64.5,50.2,78.9,-0.99,-0.99,-2.38,-0.99,-1.51,-1.21,-0.96,0.73,-0.05,0.09,0.14
4,5/1/2010,5/31/2010,5,2010,3.04,73.4,62.3,84.5,-1.41,-1.41,-1.56,-1.41,-0.25,-1.24,-1.2,0.18,0.09,-0.32,0.09
4,6/1/2010,6/30/2010,6,2010,5.77,82.1,71.4,92.8,-1.42,-1.42,-0.46,-1.42,0.55,0.24,-0.55,-0.42,0.7,-0.14,0.35
4,7/1/2010,7/31/2010,7,2010,5.87,81.8,71.6,92.1,-1.55,-1.55,-0.83,-1.55,0.2,0.41,0.15,-0.49,0.67,0.02,0.33
4,8/1/2010,8/31/2010,8,2010,5.09,81.8,72.2,91.3,-1.86,-1.86,-1.39,-1.86,-0.12,-0.1,0.23,-0.63,0.29,0.22,0.12
4,9/1/2010,9/30/2010,9,2010,7.94,77.2,65.2,89.2,-1.01,-1.01,1.96,-0.01,1.19,0.92,0.83,0.29,0.17,0.95,0.14
4,10/1/2010,10/31/2010,10,2010,1.38,64.8,51.2,78.3,-1.28,-1.28,-1.12,-0.77,-0.65,0.61,0.43,0.4,-0.13,0.76,-0.06
4,11/1/2010,11/30/2010,11,2010,1.04,54.4,41.2,67.5,-1.75,-1.75,-1.8,-1.75,-1.06,-1.38,0.16,0.2,-0.42,0.24,-0.4
4,12/1/2010,12/31/2010,12,2010,1.81,38.1,27.1,49.2,-2.07,-2.07,-1.5,-2.07,-0.96,-1.49,-1.68,-0.28,-0.56,-0.55,-0.56
4,1/1/2011,1/31/2011,1,2011,1.39,40.6,29.2,51.9,-2.49,-2.49,-1.89,-2.49,-1.32,-1.45,-1.77,-0.69,-0.54,-0.94,-0.59
4,2/1/2011,2/28/2011,2,2011,3.73,50.8,38.8,62.7,-2.25,-2.25,-0.05,-2.21,0.07,-0.75,-1.05,-0.54,-0.41,-0.9,-0.33
4,3/1/2011,3/31/2011,3,2011,3.8,55.5,42.9,68.1,-2.14,-2.14,-0.36,-2.14,0.15,0.12,-0.53,-1.45,-0.55,-0.76,-0.36
4,4/1/2011,4/30/2011,4,2011,3.35,65,52.6,77.4,-1.93,-1.93,-0.06,-1.89,0.24,0.16,0.2,-1.02,-0.49,-0.42,-0.19
4,5/1/2011,5/31/2011,5,2011,3.66,71.5,60.1,82.8,-1.69,-1.69,0.13,-1.52,0.16,0.24,0.18,-0.66,-0.4,-0.31,-0.42
4,6/1/2011,6/30/2011,6,2011,1.61,81.4,69.6,93.1,-2.71,-2.71,-3.58,-2.71,-2.08,-1.47,-1.08,-1.1,-1.77,-0.95,-0.71
4,7/1/2011,7/31/2011,7,2011,4.28,82.7,71.8,93.6,-3.39,-3.39,-2.87,-3.39,-0.72,-2.03,-1.5,-0.94,-1.88,-1.23,-0.81
4,8/1/2011,8/31/2011,8,2011,6.23,81.1,70.4,91.9,-3.27,-3.27,-0.7,-3.27,0.42,-0.27,-1.3,-0.9,-1.4,-1.14,-0.57
4,9/1/2011,9/30/2011,9,2011,3.8,74.4,64.4,84.4,-3.4,-3.4,-1.4,-3.4,-0.05,0.1,-0.36,-0.95,-1.12,-1.7,-0.32
4,10/1/2011,10/31/2011,10,2011,2.17,61.6,48.7,74.4,-3.44,-3.44,-1.16,-3.44,-0.16,-0.38,-0.12,-1.22,-0.91,-1.94,-0.46
4,11/1/2011,11/30/2011,11,2011,3.06,56.1,42.4,69.7,-3.27,-3.27,-0.55,-3.27,0.49,0.04,-0.2,-1.12,-0.91,-1.35,-0.66
4,12/1/2011,12/31/2011,12,2011,0.87,51.5,38.8,64.2,-4.12,-4.12,-3.57,-4.12,-1.89,-0.82,-0.82,-0.98,-1.37,-1.52,-1.49
4,1/1/2012,1/31/2012,1,2012,1.57,48.6,35.9,61.3,-4.67,-4.67,-2.91,-4.67,-1.14,-1.84,-1.24,-0.91,-1.78,-1.45,-1.62
4,2/1/2012,2/29/2012,2,2012,2.42,50.8,38.8,62.7,-5.03,-5.03,-2.54,-5.03,-0.7,-1.25,-1.78,-1.46,-2.02,-1.69,-1.67
4,3/1/2012,3/31/2012,3,2012,3.76,63.2,50.9,75.5,-5.13,-5.13,-1.83,-5.13,0.13,-0.43,-0.95,-1.25,-1.36,-1.65,-1.64
4,4/1/2012,4/30/2012,4,2012,3.23,63.8,51.5,76.1,-0.03,-4.62,-0.08,-4.6,0.16,0.09,-0.29,-1.07,-0.95,-1.65,-1.41
4,5/1/2012,5/31/2012,5,2012,7.14,72.8,62.2,83.3,1.27,-2.87,3.82,-1.35,2.03,1.49,1.28,-0.36,-0.42,-1.03,-0.9
4,6/1/2012,6/30/2012,6,2012,3.51,74.6,63.2,86,1.05,-2.67,-0.28,-1.26,-0.68,0.96,0.85,-0.11,-0.54,-0.72,-1.14
4,7/1/2012,7/31/2012,7,2012,5.68,83.4,72.8,94,0.76,-2.58,-0.54,-1.35,0.11,-0.45,0.64,0.25,-0.43,-0.48,-1.23
4,8/1/2012,8/31/2012,8,2012,8.26,78.3,69.9,86.8,1.54,-1.45,2.59,0.64,1.27,0.94,0.43,1.14,-0.01,-0.13,-0.84
4,9/1/2012,9/30/2012,9,2012,3.33,73.9,63.5,84.3,1.27,-1.41,-0.34,0.47,-0.27,0.55,0.45,0.75,0.12,-0.26,-1.46
4,10/1/2012,10/31/2012,10,2012,1.89,63.9,53,74.7,0.97,-1.44,-0.51,0.2,-0.32,-0.67,0.21,0.53,0.28,-0.25,-1.38
4,11/1/2012,11/30/2012,11,2012,1.94,50.2,37.6,62.7,0.78,-1.38,-0.27,0.11,-0.22,-0.54,-0.78,-0.31,0.39,-0.51,-1.21
4,12/1/2012,12/31/2012,12,2012,3.91,52.2,41.7,62.8,0.87,-1.07,0.5,0.48,0.46,0.1,-0.24,0.13,0.46,-0.04,-1.12
4,1/1/2013,1/31/2013,1,2013,1.39,50.1,38.4,61.8,0.04,-1.7,-2.21,-0.74,-1.32,-0.48,-0.58,-0.24,0.12,-0.06,-1.06
4,2/1/2013,2/28/2013,2,2013,5.23,47,35.8,58.2,0.59,-0.97,1.67,0.33,0.91,-0.12,0.11,-0.44,-0.21,0.36,-0.86
4,3/1/2013,3/31/2013,3,2013,2.61,48.5,36.2,60.8,0.26,-1.13,-0.8,-0.08,-0.63,0.24,-0.43,-0.46,-0.15,0.19,-0.97
4,4/1/2013,4/30/2013,4,2013,4.96,62.3,50.4,74.2,0.9,0.9,1.99,0.9,1.15,0.33,0.77,0.15,0.19,0.42,-0.74
4,5/1/2013,5/31/2013,5,2013,3.56,68.3,57.2,79.4,0.99,0.99,0.55,0.99,0.1,0.85,0.29,0.24,-0.27,-0.09,-0.75
4,6/1/2013,6/30/2013,6,2013,8.52,77.5,68.1,86.9,2.26,2.26,4.11,2.26,1.75,1.47,1.74,0.88,0.52,0.63,-0.01
4,7/1/2013,7/31/2013,7,2013,9.02,79.5,71.2,87.8,3.19,3.19,3.49,3.19,1.4,2.01,1.96,1.76,1.21,1.05,0.44
4,8/1/2013,8/31/2013,8,2013,5.95,77.7,69,86.4,3.27,3.27,1.23,3.27,0.3,1.28,1.92,1.76,1.39,0.84,0.44
4,9/1/2013,9/30/2013,9,2013,1.36,73.6,62.7,84.5,-0.63,2.31,-1.88,1.49,-2.23,-0.86,0.21,1.15,0.73,0.48,0.2
4,10/1/2013,10/31/2013,10,2013,1.72,64.4,53.6,75.2,-0.91,1.72,-1.05,0.46,-0.42,-1.86,-1.16,0.59,0.84,0.53,0.15
4,11/1/2013,11/30/2013,11,2013,3.41,52.4,39.5,65.3,0.26,1.81,0.78,0.84,0.68,0.01,-1.03,0.74,0.78,0.69,0.14
4,12/1/2013,12/31/2013,12,2013,3.78,50.7,39,62.4,0.39,1.78,0.48,0.97,0.38,0.63,0.12,0.17,0.97,0.66,0.38
4,1/1/2014,1/31/2014,1,2014,2.9,40.8,28.7,52.9,0.32,1.57,-0.09,0.71,-0.12,0.08,0.34,-0.58,0.63,0.85,0.48
4,2/1/2014,2/28/2014,2,2014,3.43,47.9,36.8,59,0.24,1.36,-0.14,0.45,-0.1,-0.24,-0.02,-0.7,0.6,0.64,0.6
4,3/1/2014,3/31/2014,3,2014,4.79,49.5,37.1,62,0.58,1.58,1.1,0.99,0.7,0.38,0.18,0.18,0.21,0.92,0.72
4,4/1/2014,4/30/2014,4,2014,3.89,64,51.3,76.8,0.74,1.64,0.64,1.16,0.56,0.79,0.58,0.59,-0.19,0.77,0.78
4,5/1/2014,5/31/2014,5,2014,4.76,72.4,60.2,84.6,1.07,1.87,1.21,1.74,0.82,0.89,1.06,0.65,-0.07,0.91,0.56
4,6/1/2014,6/30/2014,6,2014,3.58,78.9,68.2,89.6,-0.3,1.38,-0.89,0.79,-0.64,0.05,0.32,0.27,0.24,0.27,0.57
4,7/1/2014,7/31/2014,7,2014,5.23,79.6,69.9,89.3,-0.42,1.09,-0.45,0.26,-0.12,-0.6,-0.18,0.24,0.38,-0.27,0.56
4,8/1/2014,8/31/2014,8,2014,4.59,78.6,68.9,88.3,-0.66,0.69,-0.86,-0.5,-0.37,-0.53,-0.83,0.08,0.08,-0.48,0.25
4,9/1/2014,9/30/2014,9,2014,6.11,74.6,66.8,82.4,-0.24,0.97,1.06,0.22,0.73,0.3,0.1,0.18,0.18,0.19,0.49
4,10/1/2014,10/31/2014,10,2014,1.34,65.6,52.3,78.9,-0.66,-0.66,-1.32,-0.66,-0.68,0.11,-0.17,-0.29,0.03,0.21,0.43
4,11/1/2014,11/30/2014,11,2014,3.8,50,37.7,62.2,0.45,0.45,1.36,0.45,0.87,0.01,0.38,-0.3,0.28,0.2,0.56
4,12/1/2014,12/31/2014,12,2014,3.92,49.5,38.4,60.4,0.69,0.69,0.86,0.69,0.46,0.81,0.16,0.12,0.19,0.21,0.56
4,1/1/2015,1/31/2015,1,2015,4,44.2,32.9,55.4,0.9,0.9,0.84,0.9,0.52,0.54,0.81,0.34,0.16,0.37,0.79
4,2/1/2015,2/28/2015,2,2015,4.02,40.8,29.6,51.9,1.09,1.09,0.83,1.09,0.23,0.44,0.54,0.62,0.03,0.47,0.68
4,3/1/2015,3/31/2015,3,2015,3.22,56.5,45.2,67.8,-0.33,0.64,-0.99,-0.13,-0.21,0,0.22,0.24,0.19,0.24,0.75
4,4/1/2015,4/30/2015,4,2015,3.32,64.7,53.6,75.8,-0.31,0.56,-0.05,-0.29,0.22,-0.11,0.1,0.61,0.31,0.14,0.61
4,5/1/2015,5/31/2015,5,2015,2.22,71.5,59.8,83.2,-0.78,-0.78,-1.49,-0.78,-0.86,-0.44,-0.58,0.03,0.24,-0.23,0.47
4,6/1/2015,6/30/2015,6,2015,3.63,81.1,70.1,92.1,-1.37,-1.37,-2.02,-1.37,-0.61,-1.15,-0.83,-0.39,-0.22,-0.19,0.05
4,7/1/2015,7/31/2015,7,2015,3.43,82.5,71.6,93.4,-2.3,-2.3,-3.21,-2.3,-1.46,-1.39,-1.59,-1.09,-0.37,-0.45,-0.51
4,8/1/2015,8/31/2015,8,2015,5.96,79.7,69.6,89.8,-2.22,-2.22,-0.49,-2.22,0.3,-0.7,-0.97,-1.21,-0.54,-0.21,-0.51
4,9/1/2015,9/30/2015,9,2015,3.72,75.5,66.4,84.6,-2.51,-2.51,-1.54,-2.51,-0.09,-0.01,-0.75,-1.11,-0.81,-0.62,-0.25
4,10/1/2015,10/31/2015,10,2015,14.08,64.1,53.4,74.8,3.03,3.03,9.1,3.03,2.83,2.23,2.15,1.09,0.93,1.14,0.86
4,11/1/2015,11/30/2015,11,2015,6.18,58.8,48.7,68.9,3.98,3.98,3.78,3.98,1.83,3.09,2.65,1.86,1.47,1.46,1.08
4,12/1/2015,12/31/2015,12,2015,5.43,59.7,49.8,69.6,4.07,4.07,1.5,4.07,1.23,1.99,3.09,2.3,1.74,1.64,1.36
4,1/1/2016,1/31/2016,1,2016,2.71,43.1,32.8,53.4,3.52,3.52,-0.4,3.31,-0.24,0.62,1.5,2.43,1.66,1.47,1.31
4,2/1/2016,2/29/2016,2,2016,6.04,48.4,37.7,59.2,3.94,3.94,2.34,3.94,1.34,0.72,1.18,2.58,2.16,1.79,1.58
4,3/1/2016,3/31/2016,3,2016,1.91,61,48.6,73.5,2.63,2.63,-2.69,1.53,-1.2,0.28,0.04,2.61,2.01,1.59,1.25
4,4/1/2016,4/30/2016,4,2016,3.12,62.8,50.2,75.5,2.34,2.34,-0.07,1.19,0.09,-0.8,0.26,1.19,2.24,1.6,1.13
4,5/1/2016,5/31/2016,5,2016,4.91,70.4,59.8,80.9,2.67,2.67,1.73,2.14,0.9,0.66,-0.13,0.77,2.38,1.87,1.13
4,6/1/2016,6/30/2016,6,2016,5.37,79.7,69.2,90.3,2.64,2.64,0.72,2.31,0.36,0.82,0.7,0.42,2.6,2,1.24
4,7/1/2016,7/31/2016,7,2016,5.18,83.6,73.1,94,2.1,2.1,-0.8,1.42,-0.15,0.05,0.39,0.41,1.16,2.13,1.26
4,8/1/2016,8/31/2016,8,2016,3.43,82.2,72.6,91.7,1.02,1.02,-2.58,-0.6,-1.01,-1.02,-0.63,-0.64,0.28,1.89,1.19
4,9/1/2016,9/30/2016,9,2016,9.84,77.2,68.2,86.1,2.1,2.1,3.56,1.68,1.59,0.98,0.73,0.88,0.71,2.51,1.44
4,10/1/2016,10/31/2016,10,2016,7.92,66.9,54.7,79.1,3.49,3.49,4.8,3.49,1.69,2.23,1.75,1.65,1.48,1.82,1.87
4,11/1/2016,11/30/2016,11,2016,1.11,55.4,42.1,68.8,-0.39,2.73,-1.18,2.21,-0.98,1.17,1.88,1.22,1.04,1.37,1.78
4,12/1/2016,12/31/2016,12,2016,4,49.4,38.7,60,-0.04,2.77,0.96,2.57,0.51,-0.22,1.14,1.28,1.33,1.18,2.08
4,1/1/2017,1/31/2017,1,2017,3.1,51.5,40.4,62.5,-0.23,2.29,-0.59,1.79,0.01,0.24,-0.25,1.26,1.31,1.23,1.99
4,2/1/2017,2/28/2017,2,2017,1.36,55.8,42.1,69.4,-1.13,1.12,-2.78,-0.48,-1.35,-1.04,-0.55,1.25,0.79,0.64,1.71
4,3/1/2017,3/31/2017,3,2017,1.94,55.1,41.4,68.8,-1.68,-1.68,-2,-1.68,-1.17,-1.82,-1.48,0.07,0.45,0.63,1.51
4,4/1/2017,4/30/2017,4,2017,5.67,67.3,55.8,78.8,0.67,-0.84,2.02,0.24,1.5,0.35,-0.44,-0.5,0.91,0.98,1.6
4,5/1/2017,5/31/2017,5,2017,4.26,72.2,60.5,83.9,0.83,0.83,0.68,0.83,0.53,1.35,0.55,-0.05,1.29,0.87,1.75
4,6/1/2017,6/30/2017,6,2017,4.37,77.1,67.2,87,0.78,0.78,0.11,0.78,-0.18,0.17,0.97,-0.33,0.48,0.75,1.72
4,7/1/2017,7/31/2017,7,2017,5.78,81.3,71.5,91,0.65,0.65,-0.17,0.65,0.16,-0.09,0.07,-0.25,-0.36,0.82,1.9
4,8/1/2017,8/31/2017,8,2017,6.08,79.7,70.8,88.6,0.73,0.73,0.46,0.73,0.35,0.23,0.08,0.37,0.01,1.2,1.9
4,9/1/2017,9/30/2017,9,2017,4.85,75,64.2,85.8,0.75,0.75,0.29,0.75,0.34,0.36,0.31,0.73,-0.13,0.49,1.96
4,10/1/2017,10/31/2017,10,2017,3.73,66.8,55.4,78.2,0.88,0.88,0.61,0.88,0.52,0.43,0.49,0.4,0.09,-0.02,1.25
4,11/1/2017,11/30/2017,11,2017,0.98,54.6,41.8,67.5,-0.51,-0.51,-1.54,-0.51,-1.13,-0.16,-0.05,-0.06,0.2,-0.11,0.85
4,12/1/2017,12/31/2017,12,2017,4.3,48,37.6,58.4,-0.16,-0.16,0.91,0.55,0.67,-0.14,0.15,0.27,0.63,-0.08,0.78
4,1/1/2018,1/31/2018,1,2018,2.7,40.5,27.6,53.4,-0.24,-0.24,-0.28,0.4,-0.25,0.2,-0.33,0.13,0.12,-0.13,0.74
4,2/1/2018,2/28/2018,2,2018,1.39,57.6,46.6,68.6,-1.19,-1.19,-2.93,-1.19,-1.33,-1.21,-0.57,-0.39,-0.38,-0.13,0.27
4,3/1/2018,3/31/2018,3,2018,2.71,51.4,39.5,63.4,-1.39,-1.39,-0.97,-1.39,-0.56,-1.4,-1.32,-0.73,-0.46,0,0.38
4,4/1/2018,4/30/2018,4,2018,4.74,60.2,47,73.4,0.68,-0.57,2.03,0.64,1.03,0.28,-0.49,-0.59,-0.15,-0.16,0.57
4,5/1/2018,5/31/2018,5,2018,5.61,74,63.4,84.6,1.23,1.23,1.88,1.23,1.28,1.49,0.94,0.2,0.09,0.05,0.61
4,6/1/2018,6/30/2018,6,2018,4.31,80.8,70.4,91.3,-0.2,0.91,-0.59,0.46,-0.21,0.69,1.08,-0.15,-0.05,0.07,0.53
4,7/1/2018,7/31/2018,7,2018,6.57,80.4,70.3,90.5,-0.02,0.97,0.47,0.73,0.52,0.16,0.69,0.17,-0.05,0.19,0.67
4,8/1/2018,8/31/2018,8,2018,3.48,80.7,71.1,90.4,-0.74,-0.74,-2.16,-0.74,-0.98,-0.44,-0.5,0.21,-0.13,-0.14,0.7
4,9/1/2018,9/30/2018,9,2018,11.56,80,70.7,89.4,1.54,1.54,4.63,1.54,1.91,1.39,1.41,1.65,0.8,0.7,0.82
4,10/1/2018,10/31/2018,10,2018,4.37,67.1,56.2,78,1.94,1.94,1.67,1.94,0.74,1.93,1.44,1.53,1.09,0.84,0.52
4,11/1/2018,11/30/2018,11,2018,5.32,53.2,43.3,63,2.88,2.88,3.43,2.88,1.52,1.33,2.25,1.65,1.87,1.38,0.85
4,12/1/2018,12/31/2018,12,2018,7.37,49.8,39.8,59.7,4.04,4.04,4.36,4.04,2.05,2.26,1.93,2.28,2.39,1.74,1.26
7,1/1/1990,1/31/1990,1,1990,3.64,53,40.4,65.6,2.11,2.11,0.16,2.11,0.32,0.62,0.42,1.16,1.04,0.8,-0.02
7,2/1/1990,2/28/1990,2,1990,2.65,57.2,45.8,68.7,-0.47,1.43,-1.4,0.73,-0.46,-0.2,0.21,0.99,1.03,0.94,0.01
7,3/1/1990,3/31/1990,3,1990,3.13,59.8,48.2,71.4,-0.77,0.93,-1.06,-0.28,-0.25,-0.53,-0.3,0.26,0.89,0.87,0.09
7,4/1/1990,4/30/1990,4,1990,1.36,63.3,50.1,76.6,-1.22,-1.22,-1.58,-1.22,-1.16,-0.92,-1.02,-0.3,0.55,0.48,-0.19
7,5/1/1990,5/31/1990,5,1990,2.37,72.2,59.7,84.7,-1.6,-1.6,-1.52,-1.6,-0.53,-1.18,-1.09,-0.51,0.37,0.46,-0.21
7,6/1/1990,6/30/1990,6,1990,2.96,78.9,67,90.9,-2.23,-2.23,-2.38,-2.23,-1.27,-1.4,-1.76,-1.33,-0.57,0.13,-0.21
7,7/1/1990,7/31/1990,7,1990,4.33,82.3,71.3,93.2,-2.77,-2.77,-2.29,-2.77,-0.86,-1.6,-1.61,-1.97,-1.21,-0.2,-0.02
7,8/1/1990,8/31/1990,8,1990,6.79,80.7,70.4,91,-2.58,-2.58,-0.29,-2.58,0.51,-0.2,-0.85,-1.58,-1,-0.08,-0.23
7,9/1/1990,9/30/1990,9,1990,0.67,76.2,64.1,88.4,-3.53,-3.53,-3.66,-3.53,-2.54,-1.05,-1.6,-2.17,-2.03,-1.26,-1.15
7,10/1/1990,10/31/1990,10,1990,11.27,68,56.6,79.4,2.34,-0.83,7.03,2.01,2.37,1.26,1.3,0.08,-0.51,-0.19,-0.13
7,11/1/1990,11/30/1990,11,1990,2.77,58.1,44.7,71.5,2.29,2.29,0.58,2.29,0.47,2.12,1.2,0.42,-0.27,-0.12,-0.1
7,12/1/1990,12/31/1990,12,1990,1.87,53.6,42.9,64.3,1.74,1.74,-0.94,1.26,-0.8,-0.27,1.7,0.61,-0.37,-0.53,0.08
7,1/1/1991,1/31/1991,1,1991,8.46,49.1,39.9,58.3,3.28,3.28,5.16,3.28,2.29,1.32,1.2,1.58,0.72,0.2,0.62
7,2/1/1991,2/28/1991,2,1991,1.13,52.9,40.5,65.3,2.12,2.12,-2.47,1.07,-1.5,1.01,0.42,1.1,0.54,0.01,0.62
7,3/1/1991,3/31/1991,3,1991,5.32,59,47.3,70.6,2.16,2.16,0.77,1.38,0.82,-0.27,1.15,1.79,1.04,0.31,0.78
7,4/1/1991,4/30/1991,4,1991,5.3,67,56.6,77.5,2.62,2.62,2.04,2.57,1.39,1.36,0.51,1.07,1.51,0.78,0.86
7,5/1/1991,5/31/1991,5,1991,5.79,75.1,65.5,84.7,2.85,2.85,1.5,2.85,1.16,1.7,1.65,1.38,1.65,1.16,1.11
7,6/1/1991,6/30/1991,6,1991,4.07,77.5,67.4,87.5,2.43,2.43,-0.37,2.22,-0.44,0.48,1.13,1.46,1.96,1.33,1
7,7/1/1991,7/31/1991,7,1991,8.1,81.6,72.1,91,2.7,2.7,1.57,2.7,0.99,0.41,0.9,0.91,1.3,1.73,1.14
7,8/1/1991,8/31/1991,8,1991,8.93,79.9,70.7,89.1,3.31,3.31,2.66,3.31,1.26,1.53,1.04,1.98,1.69,1.95,1.31
7,9/1/1991,9/30/1991,9,1991,1.49,75.2,64.6,85.9,2.38,2.38,-1.77,1.61,-1.51,0.07,0.62,1.11,1.5,1.95,0.79
7,10/1/1991,10/31/1991,10,1991,1.19,65.5,53.2,77.8,1.66,1.66,-1.44,0.29,-0.75,-1.8,-0.4,0.31,0.47,0.95,0.49
7,11/1/1991,11/30/1991,11,1991,1.52,53.3,40.9,65.7,1.25,1.25,-0.69,-0.36,-0.4,-0.88,-1.69,-0.28,0.76,0.82,0.4
7,12/1/1991,12/31/1991,12,1991,1.96,52.2,40.4,64.1,0.56,0.56,-1.71,-1.58,-0.73,-0.85,-1.15,-0.28,0.31,0.83,0.24
7,1/1/1992,1/31/1992,1,1992,5.45,47.8,36.9,58.6,1.16,1.16,1.98,-0.2,1.17,0.39,0.12,-0.24,0.28,0.42,0.37
7,2/1/1992,2/29/1992,2,1992,3,52.8,41.5,64.1,0.8,0.8,-0.71,-0.71,-0.25,0.6,0.12,-0.98,-0.14,0.68,0.43
7,3/1/1992,3/31/1992,3,1992,3.42,55.7,42.8,68.6,0.57,0.57,-0.44,-0.96,-0.09,-0.28,0.39,-0.38,0,0.42,0.47
7,4/1/1992,4/30/1992,4,1992,3.38,62,49.8,74.2,0.75,0.75,0.72,-0.49,0.34,0.11,-0.05,0.02,-0.28,0.14,0.65
7,5/1/1992,5/31/1992,5,1992,3.08,68.6,56.3,80.8,0.65,0.65,-0.08,-0.53,-0.09,0.01,-0.08,0.03,-0.85,-0.21,0.7
7,6/1/1992,6/30/1992,6,1992,8.2,75.9,66.5,85.3,1.66,1.66,3.25,0.97,1.37,0.98,0.97,0.82,0.12,0.35,1.12
7,7/1/1992,7/31/1992,7,1992,4.11,81.9,71.7,92,1.05,1.05,-1.33,-0.03,-1.03,0.45,0.19,0.03,0.1,-0.19,1.14
7,8/1/1992,8/31/1992,8,1992,9.09,78.7,69.8,87.6,1.79,1.79,2.56,1.29,1.31,0.5,1.1,0.81,0.68,-0.15,1.27
7,9/1/1992,9/30/1992,9,1992,4.29,74.7,65.4,84,1.74,1.74,0.38,1.29,0.09,0.99,0.34,0.8,0.82,0.22,1.55
7,10/1/1992,10/31/1992,10,1992,4.88,62.9,50.9,74.8,2.44,2.44,2.64,2.44,0.93,0.59,1.2,1.06,0.8,0.71,1.08
7,11/1/1992,11/30/1992,11,1992,6.21,57.9,47.8,68,3.63,3.63,4.32,3.63,1.98,1.6,1.33,1.7,1.49,1.3,1.46
7,12/1/1992,12/31/1992,12,1992,2.12,48.6,38.7,58.4,3.14,3.14,-0.34,2.95,-0.6,1.1,1.2,1.1,1.33,1.32,1.38
7,1/1/1993,1/31/1993,1,1993,7.34,51.5,41.7,61.3,4.12,4.12,3.89,4.12,1.9,1.06,1.77,1.87,1.76,1.52,1.26
7,2/1/1993,2/28/1993,2,1993,3.35,47.6,37.2,58,3.7,3.7,0.02,3.65,-0.05,1.39,0.79,1.39,1.72,1.54,1.44
7,3/1/1993,3/31/1993,3,1993,5.82,54,42.8,65.2,3.86,3.86,1.61,3.86,1.04,0.67,1.52,1.66,1.57,1.75,1.47
7,4/1/1993,4/30/1993,4,1993,2.76,60,46.9,73.1,3.57,3.57,0.33,3.57,-0.06,0.74,0.56,1.47,1.77,1.74,1.28
7,5/1/1993,5/31/1993,5,1993,1.87,71.2,59.2,83.1,-0.53,2.67,-1.6,1.98,-0.89,-0.77,0.1,0.59,1.19,1.54,0.97
7,6/1/1993,6/30/1993,6,1993,3.44,78.8,67.7,89.8,-1.05,1.82,-1.71,0.43,-0.87,-1.41,-1.27,0.45,1.01,1.04,0.93
7,7/1/1993,7/31/1993,7,1993,3.1,84.4,72.8,96,-2.08,-2.08,-3.41,-2.08,-2.18,-2.11,-2.04,-1.05,0.38,0.91,0.57
7,8/1/1993,8/31/1993,8,1993,4.01,80.6,69.8,91.5,-2.7,-2.7,-2.5,-2.7,-0.82,-2.23,-2.28,-1.56,-0.6,0.31,0.14
7,9/1/1993,9/30/1993,9,1993,4.97,76.6,66.4,86.8,-2.65,-2.65,-0.71,-2.65,0.35,-0.45,-1.48,-1.8,-0.37,0.37,0.41
7,10/1/1993,10/31/1993,10,1993,4.08,65.4,54.6,76.1,-2.13,-2.13,0.74,-1.76,0.68,0.56,0,-1.52,-0.91,0.3,0.62
7,11/1/1993,11/30/1993,11,1993,3.58,56.7,45.4,68,-1.52,-1.52,1.2,-0.59,0.9,0.87,0.76,-0.76,-0.65,-0.11,0.79
7,12/1/1993,12/31/1993,12,1993,2.37,46.5,35,58.1,-1.54,-1.54,-0.53,-0.8,-0.42,0.28,0.51,-0.54,-1.21,-0.08,0.85
7,1/1/1994,1/31/1994,1,1994,4.87,44.6,32.9,56.3,-0.74,-0.74,1.92,0.76,0.92,0.34,0.63,0.37,-0.77,-0.44,0.76
7,2/1/1994,2/28/1994,2,1994,1.74,51.8,40,63.5,-1.26,-1.26,-1.81,-0.47,-1.05,-0.08,-0.29,0.39,-0.76,-0.67,0.68
7,3/1/1994,3/31/1994,3,1994,4.5,59.6,46.6,72.6,-1.12,-1.12,0.05,-0.3,0.45,-0.35,0.18,0.44,-0.3,-0.84,0.78
7,4/1/1994,4/30/1994,4,1994,1.03,66.2,52.9,79.6,-1.78,-1.78,-2.35,-1.66,-1.47,-0.41,-0.97,-0.11,-0.15,-1.11,0.59
7,5/1/1994,5/31/1994,5,1994,1.92,69.6,57.4,81.8,-2.19,-2.19,-1.78,-2.19,-0.85,-1.55,-0.88,-0.76,-0.1,-1.06,0.48
7,6/1/1994,6/30/1994,6,1994,8.41,78.5,68.6,88.4,0.73,-1.24,2.19,-0.19,1.44,0.65,-0.13,0.04,0.31,-0.36,0.51
7,7/1/1994,7/31/1994,7,1994,6.79,80.1,70.8,89.3,0.95,-0.82,0.87,0.6,0.48,1.23,0.68,-0.13,0.26,0.16,0.78
7,8/1/1994,8/31/1994,8,1994,4.17,78,68.2,87.9,0.57,-1.01,-0.84,0.03,-0.72,-0.26,0.64,-0.14,-0.25,0.21,0.37
7,9/1/1994,9/30/1994,9,1994,5.48,73.4,63.3,83.5,0.84,-0.58,0.99,0.81,0.53,-0.2,0.04,-0.12,0.01,0.25,0.43
7,10/1/1994,10/31/1994,10,1994,11.22,64.1,54.2,74,3.54,3.54,8.34,3.54,2.36,2.22,1.71,1.78,1.07,1.14,0.95
7,11/1/1994,11/30/1994,11,1994,3.13,60.7,49.6,71.7,3.4,3.4,0.68,3.4,0.67,2.17,2.15,2.03,1.48,1.13,0.65
7,12/1/1994,12/31/1994,12,1994,5.1,52.1,43,61.3,3.81,3.81,2.29,3.81,1.09,1.07,2.28,1.81,1.57,1.46,0.95
7,1/1/1995,1/31/1995,1,1995,4.68,48,36.8,59.1,3.93,3.93,1.54,3.93,0.83,1.16,1.15,1.85,1.95,1.41,0.68
7,2/1/1995,2/28/1995,2,1995,4.13,48.3,37.3,59.3,3.77,3.77,0.72,3.77,0.37,0.73,1.09,2.1,2.1,1.66,0.77
7,3/1/1995,3/31/1995,3,1995,1.46,59,46.9,71.1,2.61,2.61,-2.31,1.65,-1.34,-0.6,-0.05,1.66,1.45,1.29,0.41
7,4/1/1995,4/30/1995,4,1995,1.29,66.3,53.6,79.1,1.59,1.59,-2.24,-0.25,-1.22,-2.05,-1.14,0.22,1.16,1.34,0.28
7,5/1/1995,5/31/1995,5,1995,2.07,73.9,61.6,86.2,0.65,0.65,-2.35,-1.97,-0.74,-1.35,-1.92,-0.28,1.18,1.3,0.29
7,6/1/1995,6/30/1995,6,1995,7.95,76.7,66.9,86.4,1.22,1.22,1.91,-0.58,1.29,0.54,-0.15,-0.14,1.4,1.29,0.69
7,7/1/1995,7/31/1995,7,1995,5.63,81.6,71.5,91.7,0.95,0.95,-0.41,-0.87,-0.06,0.81,0.26,-0.54,0.3,1.15,0.94
7,8/1/1995,8/31/1995,8,1995,11.42,80.5,71.7,89.2,2.18,2.18,3.97,1.47,1.98,1.54,1.84,0.51,0.98,1.94,1.43
7,9/1/1995,9/30/1995,9,1995,4.78,73.6,65.2,82,2.24,2.24,0.86,1.7,0.28,1.75,1.44,1,0.73,1.79,1.45
7,10/1/1995,10/31/1995,10,1995,4.1,68.3,57.9,78.7,2.5,2.5,1.45,2.37,0.69,0.51,1.6,1.45,0.7,1.1,1.5
7,11/1/1995,11/30/1995,11,1995,2.5,52.9,40.4,65.3,2.5,2.5,0.78,2.5,0.31,0.6,0.47,1.64,0.68,1.06,1.51
7,12/1/1995,12/31/1995,12,1995,1.93,46.3,34.4,58.1,-0.13,2.11,-0.38,1.88,-0.75,-0.36,0.14,1.04,0.82,0.65,1.37
7,1/1/1996,1/31/1996,1,1996,2.49,46.6,34.6,58.7,-0.29,1.72,-0.52,1.21,-0.34,-0.72,-0.5,0.91,0.92,0.35,1.14
7,2/1/1996,2/29/1996,2,1996,1.57,50.4,37.6,63.2,-0.89,0.92,-1.89,-0.43,-1.17,-1.07,-1.19,-0.39,0.83,0.03,1.15
7,3/1/1996,3/31/1996,3,1996,5.01,52.3,40.7,64,-0.43,1.19,1.1,0.31,0.69,-0.22,-0.41,-0.17,0.63,0.49,1.18
7,4/1/1996,4/30/1996,4,1996,2.88,62.7,49.7,75.7,-0.35,1.1,0.1,0.25,0.02,0.51,-0.15,-0.47,0.65,0.67,1.32
7,5/1/1996,5/31/1996,5,1996,1.61,73.8,61.6,85.9,-1.06,-1.06,-2.24,-1.06,-1.11,-0.83,-0.19,-0.97,-0.44,0.6,1.29
7,6/1/1996,6/30/1996,6,1996,3,77.8,66.7,88.8,-1.67,-1.67,-2.15,-1.67,-1.23,-1.76,-1.47,-1.23,-0.86,-0.03,0.88
7,7/1/1996,7/31/1996,7,1996,6.37,81.6,71.7,91.5,-1.66,-1.66,-0.5,-1.66,0.3,-0.58,-1.16,-1.02,-1.1,0.08,0.89
7,8/1/1996,8/31/1996,8,1996,5.16,78.2,68.8,87.4,-1.79,-1.79,-0.89,-1.79,-0.2,-0.05,-0.7,-0.79,-1.32,-0.85,0.95
7,9/1/1996,9/30/1996,9,1996,4.99,75,64.9,85.1,-1.68,-1.68,-0.22,-1.68,0.35,-0.03,0.06,-0.94,-1.01,-0.76,0.9
7,10/1/1996,10/31/1996,10,1996,4.01,64.5,52.7,76.2,-1.15,-1.15,1.06,-0.55,0.66,0.54,0.28,-0.62,-0.69,-0.83,0.24
7,11/1/1996,11/30/1996,11,1996,1.59,53.4,41,65.7,-1.2,-1.2,-0.5,-0.79,-0.34,0.31,0.28,-0.32,-0.46,-1.03,0.02
7,12/1/1996,12/31/1996,12,1996,2.62,51,38.5,63.4,-1.3,-1.3,-0.67,-1.13,-0.25,-0.47,0.05,0.05,-0.78,-0.94,-0.14
7,1/1/1997,1/31/1997,1,1997,3.81,49,38,60,-0.97,-0.97,0.6,-0.42,0.41,0.05,-0.15,0.07,-0.61,-0.69,-0.24
7,2/1/1997,2/28/1997,2,1997,3.91,53.4,42,64.8,-0.82,-0.82,0.14,-0.16,0.26,0.34,0.1,0.27,-0.18,-0.3,-0.23
7,3/1/1997,3/31/1997,3,1997,2.18,63.3,51,75.7,-1.47,-1.47,-2.19,-1.47,-0.83,-0.41,-0.16,-0.08,-0.07,-0.71,-0.14
7,4/1/1997,4/30/1997,4,1997,5.11,61.5,48.5,74.4,0.84,0.84,2.52,0.84,1.3,0.3,0.36,0.11,0.18,-0.4,0.22
7,5/1/1997,5/31/1997,5,1997,2.57,68.2,55.9,80.6,0.58,0.58,-0.51,0.58,-0.4,0.49,-0.08,0.02,0.16,-0.24,0.26
7,6/1/1997,6/30/1997,6,1997,7.66,74.6,65.4,83.7,1.49,1.49,2.89,1.49,1.19,0.62,1.19,0.58,0.45,0.38,0.25
7,7/1/1997,7/31/1997,7,1997,7.15,81,70.9,91,1.75,1.75,1.24,1.75,0.63,1.14,0.75,0.7,0.47,0.48,0.43
7,8/1/1997,8/31/1997,8,1997,3.79,78.4,67.8,89,1.22,1.22,-1.04,0.64,-0.96,-0.27,0.45,0.23,0.24,0.34,-0.29
7,9/1/1997,9/30/1997,9,1997,6.67,75.1,65.2,85.1,1.69,1.69,1.77,1.69,0.91,0.08,0.38,0.96,0.64,0.52,-0.15
7,10/1/1997,10/31/1997,10,1997,4.42,65.2,54.6,75.8,2.19,2.19,2.03,2.19,0.79,1.06,0.45,0.81,0.8,0.6,-0.17
7,11/1/1997,11/30/1997,11,1997,4.7,53.5,42.5,64.5,3,3,3.11,3,1.4,1.2,1.41,1.35,1.14,1,-0.03
7,12/1/1997,12/31/1997,12,1997,6.1,48.7,38.4,58.9,3.85,3.85,3.49,3.85,1.52,1.8,1.58,1.41,1.69,1.42,0.45
7,1/1/1998,1/31/1998,1,1998,7.3,50.9,40.8,61.1,4.76,4.76,3.9,4.76,1.89,2.17,2.27,1.74,1.88,1.8,0.83
7,2/1/1998,2/28/1998,2,1998,8.71,51.8,41.4,62.3,5.88,5.88,4.85,5.88,2.38,3.09,3.09,2.59,2.45,2.25,1.42
7,3/1/1998,3/31/1998,3,1998,5.35,54.8,43.9,65.7,5.67,5.67,1.17,5.67,0.84,2.06,2.55,2.45,2.28,2.5,1.44
7,4/1/1998,4/30/1998,4,1998,5.52,63.9,52.8,74.9,5.99,5.99,2.72,5.99,1.5,1.43,2.15,2.73,2.48,2.68,1.63
7,5/1/1998,5/31/1998,5,1998,3.78,74.4,62.9,85.8,-0.09,5.28,-0.28,5.12,0.29,1.08,1.23,2.72,2.67,2.67,1.78
7,6/1/1998,6/30/1998,6,1998,3.17,81.8,69.9,93.7,-0.83,3.99,-2.23,2.96,-1.08,-0.66,0.24,2.1,2.28,2.28,1.79
7,7/1/1998,7/31/1998,7,1998,6.08,83.2,72.8,93.7,-1.05,3.28,-0.91,1.89,0.17,-0.63,-0.51,1.42,2.21,2.15,1.77
7,8/1/1998,8/31/1998,8,1998,3.71,80.4,70,90.7,-1.77,2.11,-2.49,-0.15,-1.01,-0.74,-1.24,0.04,1.79,2.13,1.62
7,9/1/1998,9/30/1998,9,1998,6.36,76.5,66.2,86.7,-1.43,2.05,0.48,0.04,0.81,-0.05,-0.05,0.05,1.69,2.01,1.76
7,10/1/1998,10/31/1998,10,1998,1.67,67.5,55.1,80,-1.72,1.4,-1.31,-0.94,-0.4,0.27,-0.37,-0.7,0.93,1.79,1.66
7,11/1/1998,11/30/1998,11,1998,0.52,61.1,49.5,72.6,-2.45,-2.45,-2.73,-2.45,-1.56,-1.22,-0.25,-1.19,-0.17,1.45,1.73
7,12/1/1998,12/31/1998,12,1998,3.48,54.7,43.8,65.6,-2.57,-2.57,-1.13,-2.57,0.28,-0.58,-0.75,-0.62,-0.38,1.13,1.63
7,1/1/1999,1/31/1999,1,1999,5.15,51.9,38.6,65.1,-1.88,-1.88,1.27,-1.28,1.04,0.8,0.18,-0.18,-0.47,0.84,1.71
7,2/1/1999,2/28/1999,2,1999,2.2,52.5,39.6,65.4,-2.16,-2.16,-1.42,-2.1,-0.74,0.2,0.24,0,-0.72,0,1.58
7,3/1/1999,3/31/1999,3,1999,2.01,54,40.6,67.4,-2.42,-2.42,-1.43,-2.42,-0.94,-1.19,-0.32,-0.69,-0.66,-0.48,1.55
7,4/1/1999,4/30/1999,4,1999,3.23,67.4,55.9,79,-2.24,-2.24,-0.21,-2.24,0.24,-0.55,-0.89,-0.42,-0.61,-0.84,1.41
7,5/1/1999,5/31/1999,5,1999,2.73,69.9,57.8,82,-2.21,-2.21,-0.6,-2.21,-0.3,-0.2,-0.7,-0.26,-0.37,-0.96,1.42
7,6/1/1999,6/30/1999,6,1999,6.06,76.2,66.6,85.7,-1.56,-1.56,1.25,-0.94,0.57,0.09,0.09,-0.19,-0.52,-0.56,1.3
7,7/1/1999,7/31/1999,7,1999,5.15,82,72.6,91.5,-1.62,-1.62,-0.66,-1.23,-0.32,0.1,-0.24,-0.8,-0.5,-0.7,1.19
7,8/1/1999,8/31/1999,8,1999,4.85,83.1,72.5,93.7,-1.92,-1.92,-1.41,-1.92,-0.35,-0.65,-0.23,-0.79,-0.41,-0.52,1.23
7,9/1/1999,9/30/1999,9,1999,7.06,73.8,63,84.5,0.59,-1.14,1.77,-0.24,1.02,0.55,0.22,0.15,-0.07,-0.39,1.27
7,10/1/1999,10/31/1999,10,1999,3.81,65.1,54.6,75.6,0.99,-0.56,1.37,0.97,0.59,1.01,0.65,0.33,-0.24,-0.09,1.24
7,11/1/1999,11/30/1999,11,1999,1.48,58.8,45.9,71.6,0.59,-0.8,-0.89,0.29,-0.43,0.21,0.69,0.35,-0.13,0,0.99
7,12/1/1999,12/31/1999,12,1999,2.65,49.4,37.4,61.4,0.56,-0.68,0.11,0.42,-0.23,-0.51,-0.03,0.11,0.09,-0.13,0.69
7,1/1/2000,1/31/2000,1,2000,4.56,46.3,35.1,57.5,1.01,1.01,1.53,1.01,0.78,0.33,0.05,0.46,0.26,-0.21,0.41
7,2/1/2000,2/29/2000,2,2000,1.53,51.8,37.7,65.9,-0.68,-0.68,-2.03,-0.68,-1.2,-0.27,-0.36,0.3,0.09,-0.28,-0.23
7,3/1/2000,3/31/2000,3,2000,4.27,60.1,46.9,73.2,-0.67,-0.67,-0.18,-0.67,0.34,-0.52,-0.03,-0.04,0.05,0.05,-0.32
7,4/1/2000,4/30/2000,4,2000,2.3,62.1,49.6,74.6,-0.74,-0.74,-0.43,-0.74,-0.39,0.02,-0.63,-0.38,0.05,-0.11,-0.65
7,5/1/2000,5/31/2000,5,2000,0.87,74.8,62.1,87.6,-1.7,-1.7,-3.11,-1.7,-1.88,-1.45,-0.88,-0.81,-0.18,-0.34,-0.96
7,6/1/2000,6/30/2000,6,2000,4.76,79.3,68,90.5,-1.94,-1.94,-1.24,-1.94,-0.04,-1.26,-1.32,-0.84,-0.66,-0.54,-0.79
7,7/1/2000,7/31/2000,7,2000,5.41,81.4,70.4,92.4,-2.15,-2.15,-1.23,-2.15,-0.17,-0.27,-1.14,-1.34,-1.01,-0.5,-0.93
7,8/1/2000,8/31/2000,8,2000,4.34,79.9,70.1,89.7,-2.55,-2.55,-1.86,-2.55,-0.63,-0.75,-0.7,-1.31,-1.19,-0.58,-0.8
7,9/1/2000,9/30/2000,9,2000,7.71,74.2,64.9,83.4,-1.68,-1.68,1.81,-0.85,1.2,0.59,0.33,-0.64,-0.53,-0.45,-0.67
7,10/1/2000,10/31/2000,10,2000,0.02,64.2,50.1,78.2,-2.24,-2.24,-2.2,-2.24,-3.09,0.19,-0.27,-1.1,-1.35,-1.11,-0.87
7,11/1/2000,11/30/2000,11,2000,3.09,54.8,42.3,67.3,-1.72,-1.72,0.87,-1.27,0.65,-0.66,0.34,-0.27,-0.83,-0.88,-0.66
7,12/1/2000,12/31/2000,12,2000,2.72,41.6,30.6,52.7,-1.51,-1.51,0.11,-0.96,-0.18,0.23,-0.7,-0.26,-0.99,-0.89,-0.71
7,1/1/2001,1/31/2001,1,2001,1.63,45.6,33,58.1,-1.79,-1.79,-1.3,-1.73,-0.93,-0.75,-0.33,-0.45,-1.1,-1.36,-1.04
7,2/1/2001,2/28/2001,2,2001,2.12,54.1,42.4,65.8,-2.15,-2.15,-1.63,-2.15,-0.8,-1.2,-1.05,-0.4,-0.82,-1.24,-1.04
7,3/1/2001,3/31/2001,3,2001,6.44,55.4,44,66.7,-1.26,-1.26,1.99,-0.3,1.29,0.47,-0.08,-0.48,-0.25,-0.82,-0.55
7,4/1/2001,4/30/2001,4,2001,0.85,64.4,51.6,77.2,-1.89,-1.89,-2.28,-1.88,-1.65,0.3,-0.17,-0.36,-0.51,-1.05,-0.8
7,5/1/2001,5/31/2001,5,2001,1.77,72.3,58.9,85.8,-2.46,-2.46,-2.31,-2.46,-0.97,-1.72,-0.33,-0.96,-0.53,-0.88,-0.9
7,6/1/2001,6/30/2001,6,2001,5.16,78.3,68.3,88.2,-2.44,-2.44,-0.69,-2.44,0.16,-0.67,-1.37,-0.91,-1.1,-0.85,-1.02
7,7/1/2001,7/31/2001,7,2001,6.91,79.7,70,89.3,-2.04,-2.04,0.44,-1.79,0.53,0.38,-0.27,-0.38,-0.47,-0.62,-0.86
7,8/1/2001,8/31/2001,8,2001,3.92,80.6,70.3,90.9,-2.54,-2.54,-2.11,-2.54,-0.87,-0.31,-0.25,-0.54,-1.03,-0.7,-0.95
7,9/1/2001,9/30/2001,9,2001,3.99,73,63,83,-2.52,-2.52,-0.72,-2.52,-0.04,-0.86,-0.47,-1.25,-1.07,-1.24,-1.36
7,10/1/2001,10/31/2001,10,2001,0.49,63.6,49.9,77.4,-3.01,-3.01,-2.27,-3.01,-1.59,-0.93,-1.47,-1.31,-1.26,-1.27,-1.7
7,11/1/2001,11/30/2001,11,2001,0.45,61.7,48.4,75,-3.68,-3.68,-2.93,-3.68,-1.68,-3.03,-1.41,-1.36,-1.44,-1.79,-1.68
7,12/1/2001,12/31/2001,12,2001,1.02,55,42.9,67.2,-4.52,-4.52,-3.65,-4.52,-1.6,-2.37,-2.84,-2.54,-2.71,-2.2,-2.28
7,1/1/2002,1/31/2002,1,2002,2.52,50.1,38.1,62.1,-4.61,-4.61,-1.67,-4.61,-0.32,-1.1,-1.58,-2.22,-2.05,-1.92,-2.21
7,2/1/2002,2/28/2002,2,2002,2.14,50.5,37.3,63.8,-4.77,-4.77,-1.92,-4.77,-0.78,-0.83,-1.29,-2.04,-1.95,-1.95,-2.24
7,3/1/2002,3/31/2002,3,2002,3.67,59.4,46.6,72.2,-4.78,-4.78,-1.48,-4.78,0.04,-0.51,-0.63,-1.91,-2.06,-2.41,-2.34
7,4/1/2002,4/30/2002,4,2002,1.36,69.4,57.8,80.9,-5.17,-5.17,-2.65,-5.17,-1.16,-0.65,-1.01,-1.86,-2.42,-2.12,-2.56
7,5/1/2002,5/31/2002,5,2002,2.58,71,58.3,83.8,-5.14,-5.14,-1.52,-5.14,-0.39,-1.08,-0.82,-1.48,-2.13,-1.94,-2.21
7,6/1/2002,6/30/2002,6,2002,5.92,78.6,68.1,89,-4.6,-4.6,0.04,-4.53,0.51,-0.03,-0.65,-0.86,-1.85,-1.92,-2.13
7,7/1/2002,7/31/2002,7,2002,3.94,82.5,72.1,93,-4.91,-4.91,-2.36,-4.91,-1.18,-0.38,-0.7,-1.23,-1.96,-2.55,-3.09
7,8/1/2002,8/31/2002,8,2002,7.21,79.9,69.7,90.1,0.12,-4.28,0.36,-4.09,0.67,-0.19,0.05,-0.63,-1.25,-2.05,-2.39
7,9/1/2002,9/30/2002,9,2002,5.25,78,69.6,86.3,0.06,-3.9,-0.16,-3.71,0.45,0.72,0.03,-0.45,-0.74,-1.6,-2.53
7,10/1/2002,10/31/2002,10,2002,5.5,69.5,61,78.1,0.72,-2.82,2.01,-1.83,1.11,0.98,1.14,0.47,-0.15,-0.82,-1.5
7,11/1/2002,11/30/2002,11,2002,5.08,54.9,43.4,66.4,1.74,-1.44,3.27,0.76,1.56,1.5,1.42,1.12,0.57,-0.15,-1.24
7,12/1/2002,12/31/2002,12,2002,4.02,47.1,35.7,58.5,2.09,-0.77,1.58,1.87,0.57,1.33,1.47,1.14,0.7,0.28,-1.19
7,1/1/2003,1/31/2003,1,2003,1.13,44,32,56,1.3,-1.26,-1.71,0.65,-1.34,-0.43,0.48,1.06,0.6,0.08,-1.15
7,2/1/2003,2/28/2003,2,2003,3.27,49.4,38.1,60.6,1.11,-1.18,-0.17,0.57,-0.09,-0.94,-0.46,0.81,0.69,0.27,-1.02
7,3/1/2003,3/31/2003,3,2003,6.86,59.6,49.8,69.4,1.64,1.64,1.94,1.64,1.45,0.97,0.22,1.15,1,0.66,-0.96
7,4/1/2003,4/30/2003,4,2003,4.87,63.4,52.3,74.4,2.18,2.18,2.11,2.18,1.17,1.66,1.27,1.13,1.46,1.08,-0.52
7,5/1/2003,5/31/2003,5,2003,5.57,72.8,62.8,82.7,2.5,2.5,1.66,2.5,1.08,1.48,1.86,1.02,1.53,1.38,-0.14
7,6/1/2003,6/30/2003,6,2003,6.52,77.7,67.9,87.5,2.81,2.81,1.68,2.81,0.76,1.25,1.72,1.13,1.61,1.49,0
7,7/1/2003,7/31/2003,7,2003,8.38,80.3,71.8,88.8,3.29,3.29,2.33,3.29,1.08,1.16,1.56,1.9,1.65,1.95,0.18
7,8/1/2003,8/31/2003,8,2003,5.01,80.7,72.1,89.3,2.79,2.79,-0.49,2.54,-0.27,0.55,0.77,1.93,1.25,1.73,0.29
7,9/1/2003,9/30/2003,9,2003,3.76,73.9,64.4,83.4,2.45,2.45,-0.17,2.07,-0.14,-0.53,0.25,1.2,1.02,1.5,0.22
7,10/1/2003,10/31/2003,10,2003,3.76,65.7,54.3,77.1,2.57,2.57,1.11,2.57,0.57,0.12,-0.15,0.95,1.46,1.37,0.47
7,11/1/2003,11/30/2003,11,2003,0.99,60.8,47.8,73.6,-0.57,1.73,-1.71,0.94,-0.91,0.03,-0.26,0.35,1.35,0.94,0.48
7,12/1/2003,12/31/2003,12,2003,2.14,45.5,32.4,58.6,-0.71,1.36,-0.59,0.29,-0.59,-1.06,-0.34,-0.09,0.72,0.7,0.64
7,1/1/2004,1/31/2004,1,2004,1.97,45.6,33,58,-0.96,0.89,-0.97,-0.55,-0.68,-0.85,-1.14,-0.85,0.22,0.79,0.55
7,2/1/2004,2/29/2004,2,2004,5.05,47.1,36.9,57.3,-0.31,1.35,1.66,0.56,0.84,0.08,-0.24,-0.33,0.15,1.02,0.83
7,3/1/2004,3/31/2004,3,2004,0.44,58.9,45.4,72.4,-1.31,-1.31,-3.12,-1.31,-2.25,-0.64,-0.91,-0.84,-0.6,0.2,0.56
7,4/1/2004,4/30/2004,4,2004,2.69,64.2,50.3,78.1,-1.46,-1.46,-0.86,-1.46,-0.11,-1.76,-0.6,-1.22,-1.06,-0.13,0.68
7,5/1/2004,5/31/2004,5,2004,2.95,74.9,63.5,86.2,-1.8,-1.8,-1.46,-1.8,-0.16,-0.33,-1.39,-1.02,-0.98,-0.47,0.7
7,6/1/2004,6/30/2004,6,2004,6.22,79.9,70.7,89.1,-1.57,-1.57,0.14,-1.43,0.64,0.23,0.04,-0.62,-0.67,-0.53,0.73
7,7/1/2004,7/31/2004,7,2004,4.56,81.6,71.7,91.5,-1.96,-1.96,-1.66,-1.96,-0.69,-0.05,-0.3,-0.68,-1.18,-1.13,0.83
7,8/1/2004,8/31/2004,8,2004,7.53,78.5,69.3,87.6,-1.43,-1.43,0.98,-0.91,0.78,0.14,0.38,-0.7,-0.65,-0.74,0.84
7,9/1/2004,9/30/2004,9,2004,5.71,75.1,67,83.2,-1.01,-1.01,0.84,-0.05,0.6,0.95,0.43,0.27,-0.29,-0.4,0.86
7,10/1/2004,10/31/2004,10,2004,1.71,68.1,58.7,77.4,-1.22,-1.22,-0.96,-0.67,-0.38,0.09,0.47,0.13,-0.28,-0.75,0.51
7,11/1/2004,11/30/2004,11,2004,1.57,58.8,47.5,70.1,-1.46,-1.46,-1.07,-1.28,-0.36,-0.58,-0.13,0.13,-0.71,-0.71,0.12
7,12/1/2004,12/31/2004,12,2004,2,48.7,36.3,61,-1.73,-1.73,-1.26,-1.73,-0.69,-0.8,-0.9,-0.31,-0.27,-0.76,0
7,1/1/2005,1/31/2005,1,2005,1.94,50.2,38.9,61.5,-2.04,-2.04,-1.47,-2.04,-0.7,-0.93,-0.98,-0.26,-0.43,-0.73,0.06
7,2/1/2005,2/28/2005,2,2005,3.65,50.8,39.8,61.8,0.03,-1.8,0.09,-1.69,0.12,-0.47,-0.71,-0.55,-0.28,-0.94,0.13
7,3/1/2005,3/31/2005,3,2005,5.81,55,42.8,67.2,0.54,-1.11,1.52,-0.23,1.03,0.76,0.26,-0.35,-0.09,-0.09,0.04
7,4/1/2005,4/30/2005,4,2005,1.96,61.6,48.4,74.8,0.24,-1.23,-0.72,-0.65,-0.65,0.47,0.42,-0.35,-0.04,-0.22,-0.23
7,5/1/2005,5/31/2005,5,2005,4.95,69.4,57.5,81.3,0.72,-0.6,1.51,0.65,0.82,0.19,0.74,0.04,-0.06,0.06,-0.29
7,6/1/2005,6/30/2005,6,2005,6.93,77.7,69.1,86.2,1.32,1.32,2.03,1.32,0.92,1.18,0.7,0.58,0.02,0.16,-0.25
7,7/1/2005,7/31/2005,7,2005,5.22,82.8,73.5,92.2,-0.19,1,-0.56,0.59,-0.28,0.4,0.67,0.69,0.08,0.25,-0.58
7,8/1/2005,8/31/2005,8,2005,6.33,81.6,73,90.2,-0.15,0.91,0.05,0.46,0.32,-0.05,0.42,0.8,0.24,0.12,-0.4
7,9/1/2005,9/30/2005,9,2005,0.61,78.5,68.2,88.8,-1.21,-1.21,-3.22,-1.21,-2.65,-1.28,-1.44,-0.51,-0.25,-0.6,-0.8
7,10/1/2005,10/31/2005,10,2005,5.04,67.2,56.9,77.4,0.49,-0.59,1.47,0.41,0.98,-0.49,-0.3,0.21,0.34,-0.12,-0.68
7,11/1/2005,11/30/2005,11,2005,3.49,58.6,45.6,71.6,0.78,0.78,1.01,0.78,0.85,1.07,-0.09,0.2,0.54,0.1,-0.49
7,12/1/2005,12/31/2005,12,2005,3.6,47.4,35.9,58.9,0.98,0.98,0.87,0.98,0.34,0.7,0.98,-0.04,0.28,0.33,-0.27
7,1/1/2006,1/31/2006,1,2006,2.96,53.2,41,65.3,-0.17,-0.17,-0.52,0.71,-0.05,0.1,0.43,0.04,0.37,0.46,-0.18
7,2/1/2006,2/28/2006,2,2006,3.66,49.4,37.7,61,-0.09,-0.09,0.2,0.7,0.12,-0.07,0.07,0,0.19,0.48,-0.29
7,3/1/2006,3/31/2006,3,2006,0.92,56.8,44.6,68.9,-0.93,-0.93,-2.54,-0.93,-1.79,-1.03,-0.89,0.2,-0.54,-0.18,-0.22
7,4/1/2006,4/30/2006,4,2006,2.93,67.3,54.1,80.5,-1.09,-1.09,-0.77,-1.09,0.05,-1.28,-0.86,-0.21,-0.41,-0.08,-0.19
7,5/1/2006,5/31/2006,5,2006,2.26,70.8,58.7,83,-1.42,-1.42,-1.35,-1.42,-0.6,-0.52,-1.38,-0.78,-0.68,-0.43,-0.26
7,6/1/2006,6/30/2006,6,2006,6.46,77.6,66.6,88.7,-0.97,-0.97,0.93,-0.38,0.74,0.06,-0.03,-0.65,0.14,-0.52,-0.23
7,7/1/2006,7/31/2006,7,2006,2.77,81.5,70.4,92.6,-1.8,-1.8,-2.81,-1.8,-2.93,-0.64,-1,-1.38,-0.77,-0.89,-0.41
7,8/1/2006,8/31/2006,8,2006,5.26,82.3,72.7,91.8,-2.13,-2.13,-1.55,-2.13,-0.15,-1.62,-0.71,-1.67,-1.16,-1.11,-0.64
7,9/1/2006,9/30/2006,9,2006,4.72,74.6,64.6,84.5,-2.06,-2.06,-0.44,-2.06,0.25,-0.08,-1.21,-0.86,-1.23,-0.4,-0.79
7,10/1/2006,10/31/2006,10,2006,2.37,64,51.6,76.4,-2.02,-2.02,-0.51,-2.02,-0.01,-0.01,-0.2,-0.92,-1.32,-0.85,-0.74
7,11/1/2006,11/30/2006,11,2006,4.3,56.2,43.8,68.7,-1.17,-1.17,1.93,-0.21,1.23,0.61,0.47,-0.15,-0.99,-0.77,-0.52
7,12/1/2006,12/31/2006,12,2006,3.38,54.6,42.9,66.3,-1.07,-1.07,-0.08,-0.14,0.22,0.9,0.52,-0.37,-0.35,-0.83,-0.32
7,1/1/2007,1/31/2007,1,2007,3.32,51.7,40.8,62.6,-0.98,-0.98,-0.05,-0.06,0.15,0.15,0.68,0.27,-0.32,-0.74,-0.19
7,2/1/2007,2/28/2007,2,2007,2.48,48.6,36.3,60.8,-1.17,-1.17,-0.87,-0.58,-0.57,-0.39,-0.24,0.21,-0.25,-0.9,-0.27
7,3/1/2007,3/31/2007,3,2007,1.36,60.1,46.4,73.8,-1.88,-1.88,-2.5,-1.88,-1.42,-1.36,-1.01,-0.25,-0.9,-0.79,-0.71
7,4/1/2007,4/30/2007,4,2007,1.97,63.1,49.3,76.9,-2.08,-2.08,-1.16,-2.08,-0.64,-1.62,-1.7,-0.37,-0.47,-0.94,-0.7
7,5/1/2007,5/31/2007,5,2007,1.19,70.5,57.7,83.3,-2.65,-2.65,-2.38,-2.65,-1.51,-1.45,-2.05,-1.38,-0.74,-1.07,-1.12
7,6/1/2007,6/30/2007,6,2007,5.21,78,67.7,88.3,-2.56,-2.56,-0.54,-2.56,0.19,-0.9,-1.16,-1.46,-0.77,-1.33,-1.35
7,7/1/2007,7/31/2007,7,2007,5.11,80,69.7,90.2,-2.68,-2.68,-1.15,-2.68,-0.34,-0.21,-0.99,-1.82,-0.91,-0.95,-1.54
7,8/1/2007,8/31/2007,8,2007,4.5,83.7,73.5,93.9,-3.16,-3.16,-2.27,-3.16,-0.54,-0.81,-0.6,-2.03,-1.64,-1.11,-1.86
7,9/1/2007,9/30/2007,9,2007,4.44,76.6,66.8,86.4,-3.15,-3.15,-0.94,-3.15,0.15,-0.46,-0.73,-1.29,-1.68,-1.07,-1.17
7,10/1/2007,10/31/2007,10,2007,3.28,70.5,60.4,80.6,-3.02,-3.02,-0.6,-3.02,0.39,0.18,-0.23,-0.95,-1.7,-1,-1.35
7,11/1/2007,11/30/2007,11,2007,0.21,56,42.4,69.6,-3.56,-3.56,-2.55,-3.56,-2.24,-0.48,-0.43,-0.87,-2.12,-1.79,-1.62
7,12/1/2007,12/31/2007,12,2007,4.79,55.3,43,67.6,-3.2,-3.2,-0.03,-3.16,0.95,-0.11,0.07,-0.49,-1.1,-1.57,-1.74
7,1/1/2008,1/31/2008,1,2008,3.01,47.4,36.4,58.5,-2.99,-2.99,-0.34,-2.99,-0.02,0.53,-0.15,-0.3,-0.87,-1.56,-1.54
7,2/1/2008,2/29/2008,2,2008,3.71,53.8,40.2,67.4,-2.72,-2.72,-0.12,-2.71,0.15,-0.03,0.43,0.01,-0.38,-1.33,-1.57
7,3/1/2008,3/31/2008,3,2008,2.62,57.4,44.4,70.3,-2.85,-2.85,-1.24,-2.85,-0.55,-0.31,-0.33,-0.17,-0.57,-1.04,-1.35
7,4/1/2008,4/30/2008,4,2008,2.79,63.6,51.6,75.6,-2.6,-2.6,-0.12,-2.58,-0.04,-0.47,-0.27,-0.3,-0.44,-0.91,-1.38
7,5/1/2008,5/31/2008,5,2008,2.92,71,58.8,83.2,-2.52,-2.52,-0.58,-2.52,-0.18,-0.3,-0.57,-0.05,-0.3,-0.62,-1.28
7,6/1/2008,6/30/2008,6,2008,3.16,80.9,69,92.8,-2.97,-2.97,-2.13,-2.97,-1.09,-1.05,-0.99,-0.86,-0.62,-0.97,-1.74
7,7/1/2008,7/31/2008,7,2008,5.15,80.7,70.2,91.1,-3.1,-3.1,-1.29,-3.1,-0.32,-1.05,-1.08,-1.04,-0.9,-0.96,-1.62
7,8/1/2008,8/31/2008,8,2008,7.92,80.6,71.6,89.6,0.25,-2.53,0.75,-2.16,0.92,0.46,-0.18,-0.66,-0.2,-0.43,-1.16
7,9/1/2008,9/30/2008,9,2008,3.6,75.8,66.4,85.3,-0.32,-2.59,-0.97,-2.56,-0.21,0.43,0.11,-0.61,-0.69,-0.53,-1.29
7,10/1/2008,10/31/2008,10,2008,7.93,63.5,51.7,75.3,1.59,-0.74,4.76,1.35,1.71,1.17,1.44,0.52,0.22,0.13,-0.64
7,11/1/2008,11/30/2008,11,2008,3.63,53,41,65.1,2.09,2.09,1.99,2.09,0.92,1.69,1.29,0.87,0.44,0.56,-0.76
7,12/1/2008,12/31/2008,12,2008,1.06,54.7,43.2,66.2,-0.6,1.27,-1.81,0.38,-1.55,-0.24,1.08,0.88,0.28,0.04,-1.01
7,1/1/2009,1/31/2009,1,2009,1.44,47.9,36.5,59.2,-1.08,0.6,-1.63,-1.03,-1.08,-1.58,-0.76,0.65,0.01,-0.19,-1.14
7,2/1/2009,2/28/2009,2,2009,1.87,48.9,35.7,62.1,-1.46,-1.46,-1.48,-1.46,-0.96,-1.38,-1.7,0.03,-0.13,-0.43,-1.22
7,3/1/2009,3/31/2009,3,2009,4.41,56.9,45.3,68.4,0.08,-1.23,0.24,-1.02,0.41,-0.33,-0.83,0.31,0.29,-0.15,-0.86
7,4/1/2009,4/30/2009,4,2009,4.95,63.4,51.2,75.6,0.8,0.8,2.19,0.8,1.21,0.99,0.37,-0.26,0.66,0.11,-0.53
7,5/1/2009,5/31/2009,5,2009,5.93,72.7,62.8,82.4,1.39,1.39,2.01,1.39,1.22,1.63,1.39,-0.09,0.71,0.5,-0.06
7,6/1/2009,6/30/2009,6,2009,3.9,80.5,69.9,91.1,-0.35,0.9,-1.05,0.23,-0.55,0.47,1.01,0.04,0.67,0.61,-0.18
7,7/1/2009,7/31/2009,7,2009,5.37,80,69.4,90.6,-0.52,0.6,-0.61,-0.43,-0.2,-0.62,0.13,0.28,-0.15,0.64,-0.13
7,8/1/2009,8/31/2009,8,2009,4.03,81,71.5,90.5,-1.13,-1.13,-2,-1.13,-0.81,-0.91,-1.12,0.25,-0.75,0.17,-0.15
7,9/1/2009,9/30/2009,9,2009,2.67,76.2,66.2,86.1,-1.69,-1.69,-2.03,-1.69,-0.68,-1.39,-1.48,-0.32,-0.74,0.03,-0.39
7,10/1/2009,10/31/2009,10,2009,3.62,65.3,55.1,75.6,0.14,-1.38,0.41,-1.1,0.52,-0.26,-0.8,-0.53,-0.3,-0.6,-0.4
7,11/1/2009,11/30/2009,11,2009,3.36,57.5,46.9,68.2,0.42,-0.94,0.89,-0.16,0.79,0.7,0.04,-0.82,0.19,-0.7,-0.16
7,12/1/2009,12/31/2009,12,2009,8.98,49.1,38.8,59.4,2.25,2.25,5.62,2.25,2.55,2.19,1.71,0.67,0.98,0.46,0.33
7,1/1/2010,1/31/2010,1,2010,5.73,43.6,32.2,55,2.95,2.95,2.81,2.95,1.29,2.51,2.26,1.09,1.02,1.01,0.54
7,2/1/2010,2/28/2010,2,2010,3.04,44.2,33,55.4,-0.03,2.62,-0.09,2.52,-0.23,0.72,2.11,1.28,0.6,1.15,0.51
7,3/1/2010,3/31/2010,3,2010,3.14,53.9,42,65.8,-0.2,2.18,-0.52,1.81,-0.25,-0.37,0.4,1.42,0.7,0.97,0.56
7,4/1/2010,4/30/2010,4,2010,1.3,65.7,52,79.4,-0.84,1.29,-1.99,0.06,-1.21,-0.95,-0.88,1.18,0.54,0.51,0.44
7,5/1/2010,5/31/2010,5,2010,4.07,74.6,64.2,85,-0.9,1.01,-0.43,-0.37,0.43,-0.45,-0.51,1.11,0.85,0.27,0.53
7,6/1/2010,6/30/2010,6,2010,4.03,82.9,72.4,93.4,-1.49,-1.49,-2.04,-1.49,-0.46,-0.18,-0.8,-0.2,0.95,0.3,0.61
7,7/1/2010,7/31/2010,7,2010,5.67,83,72.6,93.4,-1.74,-1.74,-1.22,-1.74,-0.04,-0.45,-0.29,-0.83,0.85,0.34,0.71
7,8/1/2010,8/31/2010,8,2010,7.88,82.7,73.8,91.6,-1.42,-1.42,0.43,-1.13,0.91,0.6,0.19,-0.3,1,0.85,0.7
7,9/1/2010,9/30/2010,9,2010,5.57,77.6,66.5,88.8,-1.22,-1.22,0.16,-0.79,0.56,1.01,0.78,0.03,0.26,1.12,0.83
7,10/1/2010,10/31/2010,10,2010,1.05,66.9,53.7,80.1,-1.67,-1.67,-1.72,-1.67,-0.88,-0.16,0.36,0.05,-0.48,0.88,0.19
7,11/1/2010,11/30/2010,11,2010,0.61,56.7,43.4,70,-2.19,-2.19,-2.09,-2.19,-1.41,-1.68,-0.64,-0.38,-0.72,0.54,-0.18
7,12/1/2010,12/31/2010,12,2010,2.13,41.5,29.5,53.6,-2.44,-2.44,-1.43,-2.44,-0.59,-1.31,-1.56,-0.35,-0.76,-0.46,0.01
7,1/1/2011,1/31/2011,1,2011,2.06,43.4,32,54.8,-2.59,-2.59,-1.21,-2.59,-0.62,-0.82,-1.25,-0.49,-0.63,-1.03,0.05
7,2/1/2011,2/28/2011,2,2011,3.43,53.5,41.4,65.6,-2.48,-2.48,-0.46,-2.48,0,-0.51,-0.7,-0.92,-0.71,-0.94,0.23
7,3/1/2011,3/31/2011,3,2011,3.75,58.9,46.4,71.5,-2.38,-2.38,-0.48,-2.38,0.08,0,-0.35,-1.15,-0.48,-0.8,0.18
7,4/1/2011,4/30/2011,4,2011,2.14,67.2,54.2,80.2,-2.58,-2.58,-1.33,-2.58,-0.51,-0.26,-0.2,-1,-0.56,-0.68,-0.08
7,5/1/2011,5/31/2011,5,2011,1.45,73.2,60.9,85.6,-3.15,-3.15,-2.51,-3.15,-1.25,-1.24,-0.92,-1.09,-1.28,-1.04,-0.52
7,6/1/2011,6/30/2011,6,2011,2.62,82.2,69.9,94.6,-4.05,-4.05,-3.67,-4.05,-1.61,-2.05,-1.93,-1.48,-2.06,-1.32,-0.66
7,7/1/2011,7/31/2011,7,2011,5.18,83.4,72.8,94.1,-4.28,-4.28,-1.96,-4.28,-0.3,-1.31,-1.75,-1.49,-2.02,-1.42,-0.71
7,8/1/2011,8/31/2011,8,2011,4.43,82.7,72.2,93.2,-4.67,-4.67,-2.5,-4.67,-0.58,-0.81,-1.53,-1.96,-1.93,-2.26,-0.62
7,9/1/2011,9/30/2011,9,2011,4.62,75.7,65.1,86.2,-4.48,-4.48,-0.87,-4.48,0.22,-0.42,-0.66,-1.73,-1.66,-2.21,-0.44
7,10/1/2011,10/31/2011,10,2011,1.94,62.9,50.4,75.4,-4.37,-4.37,-1.03,-4.37,-0.24,-0.17,-0.59,-1.85,-1.7,-2.32,-0.66
7,11/1/2011,11/30/2011,11,2011,1.82,57.7,44.3,71.2,-4.27,-4.27,-1.06,-4.27,-0.16,-0.36,-0.3,-1.45,-1.94,-1.96,-0.86
7,12/1/2011,12/31/2011,12,2011,1.32,53.3,40.6,66,-4.9,-4.9,-3.21,-4.9,-1.28,-1.05,-0.98,-1.37,-2.41,-2.2,-1.87
7,1/1/2012,1/31/2012,1,2012,1.14,51.4,37.9,65,-5.41,-5.41,-3.04,-5.41,-1.33,-1.6,-1.46,-1.41,-2.48,-2.29,-2.2
7,2/1/2012,2/29/2012,2,2012,2.4,54.2,42.2,66.3,-5.58,-5.58,-2.19,-5.58,-0.62,-1.29,-1.55,-1.31,-2.25,-2.61,-2.41
7,3/1/2012,3/31/2012,3,2012,4.82,64.7,52.7,76.7,-5.57,-5.57,-1.68,-5.57,0.6,0.01,-0.62,-1.05,-1.39,-2.2,-2.18
7,4/1/2012,4/30/2012,4,2012,2.04,66.2,53.5,78.8,-5.59,-5.59,-1.8,-5.59,-0.59,0.14,-0.22,-1.15,-1.31,-2.06,-2.11
7,5/1/2012,5/31/2012,5,2012,6.72,74.1,63.6,84.6,0.64,-4.38,1.92,-3.61,1.5,0.89,0.96,-0.33,-0.45,-1.15,-1.69
7,6/1/2012,6/30/2012,6,2012,5.68,75.3,64.6,85.9,0.98,-3.52,1.21,-2.28,0.41,1.35,0.9,0.1,-0.39,-0.72,-1.52
7,7/1/2012,7/31/2012,7,2012,5.39,83.3,72.6,94,0.71,-3.32,-0.48,-2.23,-0.19,0.05,0.86,0.41,-0.36,-0.69,-1.81
7,8/1/2012,8/31/2012,8,2012,9.19,79.2,70.2,88.3,1.56,-2.06,2.76,0,1.34,0.9,0.85,1.31,0.23,0.02,-1.55
7,9/1/2012,9/30/2012,9,2012,1.47,75.4,65,85.8,-0.6,-2.45,-1.81,-1.04,-1.53,0.15,-0.08,0.45,0,-0.42,-2.11
7,10/1/2012,10/31/2012,10,2012,1.94,66.5,55.8,77.1,-0.83,-2.48,-0.86,-1.36,-0.24,-1.42,-0.13,0.47,0.2,-0.43,-1.79
7,11/1/2012,11/30/2012,11,2012,1.66,52.7,40.6,64.7,-0.89,-2.38,-0.46,-1.39,-0.28,-0.43,-1.36,-0.27,0.31,-0.52,-1.55
7,12/1/2012,12/31/2012,12,2012,4.09,53.6,42.7,64.4,-0.67,-2,0.39,-0.9,0.61,0.21,-0.1,-0.16,0.28,-0.11,-1.54
7,1/1/2013,1/31/2013,1,2013,0.77,53.8,42,65.7,-1.51,-2.7,-2.72,-2.25,-1.68,-0.55,-0.63,-0.53,0.03,-0.15,-1.53
7,2/1/2013,2/28/2013,2,2013,9.43,50.1,38.8,61.4,1.87,-0.55,5.62,1.87,2.65,1.22,1.2,0,0.45,0.82,-0.86
7,3/1/2013,3/31/2013,3,2013,3.58,50.9,39.4,62.5,1.7,1.7,0.06,1.7,-0.01,1.78,0.88,0.5,0.37,0.64,-0.86
7,4/1/2013,4/30/2013,4,2013,4.58,63.7,52.2,75.1,2.11,2.11,1.76,2.11,1.02,0.6,1.79,0.96,0.65,0.94,-0.6
7,5/1/2013,5/31/2013,5,2013,2.54,69.7,59,80.4,1.64,1.64,-0.75,1.24,-0.42,0.27,0.17,0.9,0.05,0.41,-0.48
7,6/1/2013,6/30/2013,6,2013,8.96,78.8,69.9,87.8,2.56,2.56,3.26,2.56,1.62,1.06,1.43,1.42,0.98,0.84,0.14
7,7/1/2013,7/31/2013,7,2013,10.86,80,72.2,87.8,3.76,3.76,4.37,3.76,1.84,2.25,2.04,2.59,1.74,1.46,0.68
7,8/1/2013,8/31/2013,8,2013,6.04,79.3,70.8,87.7,3.57,3.57,0.59,3.57,0.2,1.5,2,1.81,1.93,1.13,0.8
7,9/1/2013,9/30/2013,9,2013,2.32,75.2,65.3,85.1,-0.38,2.82,-1.15,2.3,-0.89,-0.68,0.81,1.44,1.57,1.16,0.59
7,10/1/2013,10/31/2013,10,2013,1.04,66.4,55.6,77.1,-0.85,2.02,-1.53,0.86,-0.89,-1.44,-1.1,0.72,1.65,1.11,0.48
7,11/1/2013,11/30/2013,11,2013,3.03,55,43.1,66.8,0.27,2.08,0.82,1.22,0.61,-0.23,-0.9,1.01,0.95,1.32,0.54
7,12/1/2013,12/31/2013,12,2013,3.06,53.5,42.2,64.8,0.18,1.8,-0.19,0.85,0.03,0.34,-0.27,0.37,0.93,1.2,0.75
7,1/1/2014,1/31/2014,1,2014,2.83,43.2,31.3,55,0.16,1.62,0,0.65,-0.13,-0.15,0.11,-0.7,0.61,1.42,0.85
7,2/1/2014,2/28/2014,2,2014,3.44,51.3,39.7,62.9,0.1,1.4,-0.14,0.38,0,-0.21,-0.19,-0.73,0.73,0.7,0.96
7,3/1/2014,3/31/2014,3,2014,3.9,52.8,40.5,65.2,0.15,1.32,0.18,0.36,0.16,0.06,-0.08,-0.23,0.22,0.72,0.89
7,4/1/2014,4/30/2014,4,2014,4.71,65.2,53.2,77.3,0.69,1.74,1.68,1.22,1.09,0.75,0.59,0.43,-0.28,0.72,1.11
7,5/1/2014,5/31/2014,5,2014,3.25,73.5,61.6,85.4,-0.21,1.35,-0.64,0.58,0.01,0.59,0.5,0.21,-0.33,0.79,0.82
7,6/1/2014,6/30/2014,6,2014,3.13,79.5,69,89.9,-0.81,0.59,-1.86,-0.77,-1.12,-0.91,-0.22,-0.21,-0.3,0.07,0.62
7,7/1/2014,7/31/2014,7,2014,5.68,80.8,71.1,90.6,-1,-1,-0.81,-1,-0.03,-0.82,-0.82,-0.19,-0.08,-0.67,0.69
7,8/1/2014,8/31/2014,8,2014,4.36,80.5,70.4,90.6,-1.54,-1.54,-1.92,-1.54,-0.61,-0.63,-1.16,-0.55,-0.5,-0.97,0.28
7,9/1/2014,9/30/2014,9,2014,7.22,76.3,68.2,84.5,0.41,-0.96,1.24,-0.24,1.07,0.45,0.28,0,-0.06,-0.18,0.74
7,10/1/2014,10/31/2014,10,2014,1.41,67.4,54.4,80.3,-0.45,-1.31,-1.34,-1.21,-0.58,0.44,-0.02,-0.64,-0.24,-0.12,0.66
7,11/1/2014,11/30/2014,11,2014,4.95,52.1,39.5,64.7,1.04,1.04,3.11,1.04,1.5,0.53,0.96,0.03,0.26,0.11,0.96
7,12/1/2014,12/31/2014,12,2014,3.63,51.8,40.7,62.8,1.23,1.23,0.9,1.23,0.36,1.18,0.51,0.53,0.31,0.18,0.92
7,1/1/2015,1/31/2015,1,2015,3.85,47.2,36.1,58.2,1.36,1.36,0.78,1.36,0.43,0.42,1.04,0.62,0.12,0.32,1.13
7,2/1/2015,2/28/2015,2,2015,4.59,44.5,32.6,56.3,1.68,1.68,1.38,1.68,0.61,0.6,0.59,1.03,0.34,0.5,0.75
7,3/1/2015,3/31/2015,3,2015,3.65,58.8,47.5,70.2,1.33,1.33,-0.55,0.98,0.03,0.37,0.45,0.59,0.62,0.45,0.76
7,4/1/2015,4/30/2015,4,2015,4.41,67.2,56.6,77.8,1.54,1.54,1.07,1.54,0.93,0.57,0.74,1.11,0.83,0.39,0.76
7,5/1/2015,5/31/2015,5,2015,1.5,72.7,61,84.4,-0.72,0.66,-2.17,-0.55,-1.2,-0.22,-0.18,0.29,0.76,0.16,0.66
7,6/1/2015,6/30/2015,6,2015,4.37,81.4,70.2,92.6,-1.22,-1.22,-1.71,-1.22,-0.26,-1.14,-0.5,0.02,0.29,0.33,0.28
7,7/1/2015,7/31/2015,7,2015,4.11,82.9,71.7,94,-1.91,-1.91,-2.45,-1.91,-1.03,-0.97,-1.5,-0.52,0.24,0.13,-0.36
7,8/1/2015,8/31/2015,8,2015,7.97,80.4,70.6,90.2,0.23,-1.48,0.7,-1.08,0.94,0.14,-0.12,-0.32,0.13,0.63,-0.12
7,9/1/2015,9/30/2015,9,2015,4.28,75.7,66.6,84.9,0.03,-1.51,-0.53,-1.29,0.08,0.65,0.02,-0.37,-0.02,0.23,0.02
7,10/1/2015,10/31/2015,10,2015,12.66,65.9,55.5,76.4,3.03,3.03,9.01,3.03,2.61,2.26,2.42,1.27,1.4,1.55,1.02
7,11/1/2015,11/30/2015,11,2015,6.89,61.4,51.3,71.5,4.28,4.28,4.67,4.28,2.21,2.92,2.8,2.18,1.91,1.87,1.42
7,12/1/2015,12/31/2015,12,2015,3.93,61.6,51.4,71.8,3.93,3.93,0.28,3.93,0.52,1.81,2.86,2.29,1.93,1.9,1.4
7,1/1/2016,1/31/2016,1,2016,3.23,46,35.4,56.6,3.61,3.61,0.24,3.61,0.1,0.31,1.42,2.49,1.71,1.8,1.4
7,2/1/2016,2/29/2016,2,2016,5.11,50.8,39.4,62.3,3.72,3.72,1.46,3.72,0.86,0.56,0.64,2.38,2.04,1.82,1.53
7,3/1/2016,3/31/2016,3,2016,3.22,62.7,51.3,74.1,2.91,2.91,-1.29,2.34,-0.2,0.4,0.3,2.28,2.01,1.73,1.47
7,4/1/2016,4/30/2016,4,2016,2.18,64.7,52.7,76.7,2.3,2.3,-0.92,1.34,-0.48,-0.47,0.17,1.03,2.16,1.53,1.28
7,5/1/2016,5/31/2016,5,2016,6.86,72.1,61.3,82.9,3.02,3.02,2.86,3.02,1.55,0.99,0.61,0.82,2.26,2.04,1.55
7,6/1/2016,6/30/2016,6,2016,4.42,80.8,70.4,91.1,-0.22,2.49,-0.65,2.17,-0.23,0.98,0.57,0.54,2.22,2.1,1.64
7,7/1/2016,7/31/2016,7,2016,3.56,84.7,73.8,95.6,-1.07,1.36,-2.64,-0.09,-1.55,-1.22,0.03,0.07,0.86,2.02,1.5
7,8/1/2016,8/31/2016,8,2016,4.01,82.6,73,92.1,-1.82,-1.82,-2.58,-1.82,-0.82,-1.9,-1.62,-0.73,-0.13,1.61,1.43
7,9/1/2016,9/30/2016,9,2016,8.77,78,68.9,87.1,0.68,-0.95,2.05,0.11,1.48,0.81,0.01,0.3,0.41,1.98,1.58
7,10/1/2016,10/31/2016,10,2016,9.43,68.2,56.7,79.8,2.66,2.66,6.15,2.66,2.02,2.48,1.95,1.63,1.4,1.71,2.24
7,11/1/2016,11/30/2016,11,2016,0.33,57.8,44.8,70.8,1.71,1.71,-2.03,0.79,-1.93,1.34,1.93,0.73,0.92,1.06,2.15
7,12/1/2016,12/31/2016,12,2016,4.91,53,42.8,63.2,2.1,2.1,1.68,1.83,1,0,1.48,1.14,1.21,1.18,1.96
7,1/1/2017,1/31/2017,1,2017,5.17,54.6,43.8,65.4,2.39,2.39,1.52,2.39,1.05,1.25,0.53,1.69,1.52,1.39,2.05
7,2/1/2017,2/28/2017,2,2017,1.12,57.9,45.1,70.7,-0.98,1.16,-2.93,-0.18,-1.51,-0.2,0.35,1.6,0.74,0.91,1.78
7,3/1/2017,3/31/2017,3,2017,1.18,58,45.4,70.6,-1.73,-1.73,-2.56,-1.73,-1.56,-2.16,-0.91,0.6,0.5,0.64,1.58
7,4/1/2017,4/30/2017,4,2017,4.79,68.9,57.3,80.4,0.29,-1.26,0.88,-0.75,1.13,-0.22,-1.05,-0.23,1.04,0.95,1.61
7,5/1/2017,5/31/2017,5,2017,5.23,73.5,62,85,0.67,-0.72,1.23,0.43,0.94,1.34,0.31,0.43,1.46,0.72,1.87
7,6/1/2017,6/30/2017,6,2017,4.93,77.9,69,86.9,0.7,0.7,0.3,0.7,0.05,0.59,1.06,0.03,0.92,0.81,1.9
7,7/1/2017,7/31/2017,7,2017,6.72,81.8,72.3,91.2,0.82,0.82,0.58,0.82,0.45,0.24,0.61,-0.22,0.14,1.18,2.05
7,8/1/2017,8/31/2017,8,2017,6.81,80.9,72.4,89.4,0.96,0.96,0.68,0.96,0.52,0.6,0.42,0.48,0.56,1.51,1.91
7,9/1/2017,9/30/2017,9,2017,6.41,76.7,66.6,86.8,1.4,1.4,1.62,1.4,0.83,0.94,0.99,1.36,0.56,1.19,2.13
7,10/1/2017,10/31/2017,10,2017,2.51,69,57.9,80.1,-0.03,1.23,-0.09,1.1,0.06,0.52,0.65,0.88,0.21,0.43,1.49
7,11/1/2017,11/30/2017,11,2017,1.39,56.9,44.8,69,-0.32,0.81,-0.87,0.12,-0.51,-0.3,0.21,0.41,0.48,0.55,1.06
7,12/1/2017,12/31/2017,12,2017,3.18,50.5,40.7,60.3,-0.16,0.85,0.36,0.31,0.1,-0.3,-0.28,0.49,0.86,0.31,0.98
7,1/1/2018,1/31/2018,1,2018,2.37,43.6,31.6,55.5,-0.3,0.61,-0.47,-0.22,-0.41,-0.28,-0.49,0.15,0.44,-0.08,0.87
7,2/1/2018,2/28/2018,2,2018,1.44,60,49.7,70.2,-1.22,-1.22,-2.84,-1.22,-1.27,-1.18,-0.89,-0.4,-0.13,-0.01,0.58
7,3/1/2018,3/31/2018,3,2018,2.37,54.5,42.8,66.1,-1.51,-1.51,-1.26,-1.51,-0.71,-1.38,-1.35,-1.1,-0.3,0.16,0.52
7,4/1/2018,4/30/2018,4,2018,4.24,61.8,49.3,74.2,0.55,-0.8,1.66,0.15,0.84,0.04,-0.65,-0.79,-0.22,0.05,0.7
7,5/1/2018,5/31/2018,5,2018,6.54,74.6,64.4,84.8,1.26,1.26,2.29,1.26,1.44,1.6,0.85,0.01,0.11,0.23,0.66
7,6/1/2018,6/30/2018,6,2018,3.95,81.2,71,91.3,0.77,0.77,-1.09,0.02,-0.52,0.71,0.99,-0.28,-0.37,0.11,0.63
7,7/1/2018,7/31/2018,7,2018,8.83,81,72.1,89.8,1.36,1.36,2.02,1.36,1.23,0.59,1.27,0.47,0.13,0.39,1.1
7,8/1/2018,8/31/2018,8,2018,5.01,80.9,71.8,89.9,-0.21,1.01,-0.63,0.57,-0.27,0.69,0.25,0.74,0.1,0.18,1.14
7,9/1/2018,9/30/2018,9,2018,3.35,80.1,71.5,88.6,-0.65,-0.65,-1.39,-0.65,-0.33,-0.68,0.26,0.75,-0.13,-0.24,0.72
7,10/1/2018,10/31/2018,10,2018,3.95,69.8,59.6,80,0.16,0.16,0.49,-0.42,0.63,0.06,-0.21,0.7,0.2,-0.04,0.19
7,11/1/2018,11/30/2018,11,2018,4.66,55.6,45.9,65.3,1.01,1.01,2.58,1.01,1.39,1.09,0.61,0.59,0.94,0.38,0.55
7,12/1/2018,12/31/2018,12,2018,7.72,51.5,42.1,61,2.52,2.52,4.86,2.52,2.13,2.2,1.78,1.5,1.7,0.98,0.85
